OBJECTID,MOID,MOTYPE,SELCODE,DSPCODE,UDFTYPE,LDMTYPE,ID,DESCRIPT,YR_INST,YR_RETIRE,ZONE,MATERIAL,LINING,COST_ID,PHASE,ID_1,LENGTH,DIAMETER,ROUGHNESS,MINORLOSS,TOTALIZER,CHK_VALVE,ID_12,DIRECTION,RUN_DIAM,RUN_LENGTH,RUN_ROUGH,FLOW,VELOCITY,HEADLOSS,HL1000,STATUS,MAX_FLOW,MIN_FLOW,AVE_FLOW,MAX_VELOC,MIN_VELOC,AVE_VELOC,MAX_HDLOSS,MIN_HDLOSS,AVE_HDLOSS,SHAPE_Length,Crtical_Xing
1,P787,0,,,,,P787,Ductile Iron,,,,,,,,P787,49.27115516,6,130,,0,0,P787,0,6,49.27,130,0,0,0,0,1,0,0,0,0,0,0,0,0,0,49.27115516,0
2,P789,0,,,,,P789,Ductile Iron,,,,,,,,P789,37.5410672,6,130,,0,0,P789,0,6,37.54,130,0,0,0,0,1,0,0,0,0,0,0,0,0,0,37.5410672,0
3,P791,0,,,,,P791,Ductile Iron,,,,,,,,P791,22.04668353,6,130,,0,0,P791,0,6,22.05,130,0,0,0,0,1,0,0,0,0,0,0,0,0,0,22.04668353,0
4,P793,0,,,,,P793,Ductile Iron,,,,,,,,P793,25.52698036,6,130,,0,0,P793,0,6,25.53,130,0,0,0,0,1,0,0,0,0,0,0,0,0,0,25.52698036,0
5,P795,0,,,,,P795,Ductile Iron,,,,,,,,P795,30.26104654,6,130,,0,0,P795,0,6,30.26,130,0,0,0,0,1,0,0,0,0,0,0,0,0,0,30.26104654,0
6,P797,0,,,,,P797,Ductile Iron,,,,,,,,P797,28.80056268,6,130,,0,0,P797,0,6,28.8,130,0,0,0,0,1,0,0,0,0,0,0,0,0,0,28.80056268,0
7,P799,0,,,,,P799,Ductile Iron,,,,,,,,P799,29.68609279,6,130,,0,0,P799,0,6,29.69,130,0,0,0,0,1,0,0,0,0,0,0,0,0,0,29.68609279,0
8,P801,0,,,,,P801,Ductile Iron,,,,,,,,P801,23.9802349,6,130,,0,0,P801,0,6,23.98,130,0,0,0,0,1,0,0,0,0,0,0,0,0,0,23.9802349,0
9,P803,0,,,,,P803,Ductile Iron,,,,,,,,P803,169.1278993,6,130,,0,0,P803,0,6,169.13,130,0,0,0,0,1,0,0,0,0,0,0,0,0,0,169.1278993,0
10,P805,0,,,,,P805,Ductile Iron,,,,,,,,P805,14.14405692,6,130,,0,0,P805,0,6,14.14,130,0,0,0,0,1,0,0,0,0,0,0,0,0,0,14.14405692,0
11,P807,0,,,,,P807,Ductile Iron,,,,,,,,P807,23.35630621,6,130,,0,0,P807,0,6,23.36,130,0,0,0,0,1,0,0,0,0,0,0,0,0,0,23.35630621,0
12,P809,0,,,,,P809,Ductile Iron,,,,,,,,P809,12.92421848,6,130,,0,0,P809,0,6,12.92,130,0,0,0,0,1,0,0,0,0,0,0,0,0,0,12.92421848,0
13,P811,0,,,,,P811,Ductile Iron,,,,,,,,P811,64.14472844,6,130,,0,0,P811,0,6,64.14,130,0,0,0,0,1,0,0,0,0,0,0,0,0,0,64.14472844,0
14,P813,0,,,,,P813,Ductile Iron,,,,,,,,P813,43.590494,6,130,,0,0,P813,0,6,43.59,130,0,0,0,0,1,0,0,0,0,0,0,0,0,0,43.590494,0
15,P815,0,,,,,P815,Ductile Iron,,,,,,,,P815,6.064354938,6,130,,0,0,P815,0,6,6.06,130,0,0,0,0,1,0,0,0,0,0,0,0,0,0,6.064354938,0
16,P817,0,,,,,P817,Ductile Iron,,,,,,,,P817,36.33539881,6,130,,0,0,P817,0,6,36.34,130,0,0,0,0,1,0,0,0,0,0,0,0,0,0,36.33539881,0
17,P819,0,,,,,P819,Ductile Iron,,,,,,,,P819,94.0185402,6,130,,0,0,P819,0,6,94.02,130,0,0,0,0,1,0,0,0,0,0,0,0,0,0,94.0185402,0
18,P821,0,,,,,P821,Ductile Iron,,,,,,,,P821,90.92198769,6,130,,0,0,P821,0,6,90.92,130,0,0,0,0,1,0,0,0,0,0,0,0,0,0,90.92198769,0
19,P823,0,,,,,P823,Ductile Iron,,,,,,,,P823,28.53819591,6,130,,0,0,P823,0,6,28.54,130,0,0,0,0,1,0,0,0,0,0,0,0,0,0,28.53819591,0
20,P825,0,,,,,P825,Ductile Iron,,,,,,,,P825,49.04554674,6,130,,0,0,P825,0,6,49.05,130,0,0,0,0,1,0,0,0,0,0,0,0,0,0,49.04554674,0
21,P827,0,,,,,P827,Ductile Iron,,,,,,,,P827,16.56114394,6,130,,0,0,P827,0,6,16.56,130,0,0,0,0,1,0,0,0,0,0,0,0,0,0,16.56114393,0
22,P829,0,,,,,P829,Ductile Iron,,,,,,,,P829,10.04175471,6,130,,0,0,P829,0,6,10.04,130,0,0,0,0,1,0,0,0,0,0,0,0,0,0,10.04175471,1
23,P831,0,,,,,P831,Ductile Iron,,,,,,,,P831,13.38827947,6,130,,0,0,P831,0,6,13.39,130,0,0,0,0,1,0,0,0,0,0,0,0,0,0,13.38827946,0
24,P833,0,,,,,P833,Ductile Iron,,,,,,,,P833,13.74910484,6,130,,0,0,P833,0,6,13.75,130,0,0,0,0,1,0,0,0,0,0,0,0,0,0,13.74910484,0
25,P835,0,,,,,P835,Ductile Iron,,,,,,,,P835,124.5424388,6,130,,0,0,P835,0,6,124.54,130,0,0,0,0,1,0,0,0,0,0,0,0,0,0,124.5424388,0
26,P837,0,,,,,P837,Ductile Iron,,,,,,,,P837,66.74455036,6,130,,0,0,P837,0,6,66.74,130,0,0,0,0,1,0,0,0,0,0,0,0,0,0,66.74455036,0
27,P839,0,,,,,P839,Ductile Iron,,,,,,,,P839,47.82082484,6,130,,0,0,P839,0,6,47.82,130,0,0,0,0,1,0,0,0,0,0,0,0,0,0,47.82082484,0
28,P841,0,,,,,P841,Ductile Iron,,,,,,,,P841,56.95783751,6,130,,0,0,P841,0,6,56.96,130,0,0,0,0,1,0,0,0,0,0,0,0,0,0,56.95783751,0
29,P843,0,,,,,P843,Ductile Iron,,,,,,,,P843,74.22980929,6,130,,0,0,P843,0,6,74.23,130,0,0,0,0,1,0,0,0,0,0,0,0,0,0,74.22980929,0
30,P845,0,,,,,P845,Ductile Iron,,,,,,,,P845,69.64497157,6,130,,0,0,P845,0,6,69.64,130,0,0,0,0,1,0,0,0,0,0,0,0,0,0,69.64497157,0
31,P847,0,,,,,P847,Ductile Iron,,,,,,,,P847,63.29376391,6,130,,0,0,P847,0,6,63.29,130,0,0,0,0,1,0,0,0,0,0,0,0,0,0,63.29376391,0
32,P849,0,,,,,P849,Ductile Iron,,,,,,,,P849,20.32068754,6,130,,0,0,P849,0,6,20.32,130,0,0,0,0,1,0,0,0,0,0,0,0,0,0,20.32068754,0
33,P851,0,,,,,P851,Ductile Iron,,,,,,,,P851,35.02226299,6,130,,0,0,P851,0,6,35.02,130,0,0,0,0,1,0,0,0,0,0,0,0,0,0,35.02226299,0
34,P853,0,,,,,P853,Ductile Iron,,,,,,,,P853,5.447776274,6,130,,0,0,P853,0,6,5.45,130,0,0,0,0,1,0,0,0,0,0,0,0,0,0,5.447776274,0
35,P855,0,,,,,P855,Ductile Iron,,,,,,,,P855,44.95546821,6,130,,0,0,P855,0,6,44.96,130,0,0,0,0,1,0,0,0,0,0,0,0,0,0,44.9554682,0
36,P857,0,,,,,P857,Ductile Iron,,,,,,,,P857,24.91446636,6,130,,0,0,P857,0,6,24.91,130,0,0,0,0,1,0,0,0,0,0,0,0,0,0,24.91446636,0
37,P859,0,,,,,P859,Ductile Iron,,,,,,,,P859,42.94717901,6,130,,0,0,P859,0,6,42.95,130,0,0,0,0,1,0,0,0,0,0,0,0,0,0,42.94717901,0
38,P861,0,,,,,P861,Ductile Iron,,,,,,,,P861,27.09465383,6,130,,0,0,P861,0,6,27.09,130,0,0,0,0,1,0,0,0,0,0,0,0,0,0,27.09465383,1
39,P863,0,,,,,P863,Ductile Iron,,,,,,,,P863,46.75155395,6,130,,0,0,P863,0,6,46.75,130,0,0,0,0,1,0,0,0,0,0,0,0,0,0,46.75155395,0
40,P865,0,,,,,P865,Ductile Iron,,,,,,,,P865,12.93492125,6,130,,0,0,P865,0,6,12.93,130,0,0,0,0,1,0,0,0,0,0,0,0,0,0,12.93492125,0
41,P867,0,,,,,P867,Ductile Iron,,,,,,,,P867,32.96028555,6,130,,0,0,P867,0,6,32.96,130,0,0,0,0,1,0,0,0,0,0,0,0,0,0,32.96028555,0
42,P869,0,,,,,P869,Ductile Iron,,,,,,,,P869,25.02545488,6,130,,0,0,P869,0,6,25.03,130,0,0,0,0,1,0,0,0,0,0,0,0,0,0,25.02545488,0
43,P871,0,,,,,P871,Ductile Iron,,,,,,,,P871,0.860572979,6,130,,0,0,P871,0,6,0.86,130,0,0,0,0,1,0,0,0,0,0,0,0,0,0,0.860572979,0
44,P873,0,,,,,P873,Ductile Iron,,,,,,,,P873,1.871763186,6,130,,0,0,P873,0,6,1.87,130,0,0,0,0,1,0,0,0,0,0,0,0,0,0,1.871763186,0
45,P875,0,,,,,P875,Ductile Iron,,,,,,,,P875,13.54247174,6,130,,0,0,P875,0,6,13.54,130,0,0,0,0,1,0,0,0,0,0,0,0,0,0,13.54247174,0
46,P877,0,,,,,P877,Ductile Iron,,,,,,,,P877,0.83515928,6,130,,0,0,P877,0,6,0.84,130,0,0,0,0,1,0,0,0,0,0,0,0,0,0,0.83515928,0
47,P879,0,,,,,P879,Ductile Iron,,,,,,,,P879,5.653904825,6,130,,0,0,P879,0,6,5.65,130,0,0,0,0,1,0,0,0,0,0,0,0,0,0,5.653904825,1
48,P881,0,,,,,P881,Ductile Iron,,,,,,,,P881,6.062135773,6,130,,0,0,P881,0,6,6.06,130,0,0,0,0,1,0,0,0,0,0,0,0,0,0,6.062135773,0
49,P883,0,,,,,P883,Ductile Iron,,,,,,,,P883,30.05909051,6,130,,0,0,P883,0,6,30.06,130,0,0,0,0,1,0,0,0,0,0,0,0,0,0,30.05909051,0
50,P885,0,,,,,P885,Ductile Iron,,,,,,,,P885,13.70096829,6,130,,0,0,P885,0,6,13.7,130,0,0,0,0,1,0,0,0,0,0,0,0,0,0,13.70096829,0
51,P887,0,,,,,P887,Ductile Iron,,,,,,,,P887,3.273092532,6,130,,0,0,P887,0,6,3.27,130,0,0,0,0,1,0,0,0,0,0,0,0,0,0,3.273092532,0
52,P889,0,,,,,P889,Ductile Iron,,,,,,,,P889,20.36281224,6,130,,0,0,P889,0,6,20.36,130,0,0,0,0,1,0,0,0,0,0,0,0,0,0,20.36281224,0
53,P891,0,,,,,P891,Ductile Iron,,,,,,,,P891,16.89905048,6,130,,0,0,P891,0,6,16.9,130,0,0,0,0,1,0,0,0,0,0,0,0,0,0,16.89905048,0
54,P893,0,,,,,P893,Ductile Iron,,,,,,,,P893,74.85294346,6,130,,0,0,P893,0,6,74.85,130,0,0,0,0,1,0,0,0,0,0,0,0,0,0,74.85294346,0
55,P895,0,,,,,P895,Ductile Iron,,,,,,,,P895,60.0068038,6,130,,0,0,P895,0,6,60.01,130,0,0,0,0,1,0,0,0,0,0,0,0,0,0,60.0068038,0
56,P897,0,,,,,P897,Ductile Iron,,,,,,,,P897,47.56434192,6,130,,0,0,P897,0,6,47.56,130,0,0,0,0,1,0,0,0,0,0,0,0,0,0,47.56434192,0
57,P899,0,,,,,P899,Ductile Iron,,,,,,,,P899,53.97092106,6,130,,0,0,P899,0,6,53.97,130,0,0,0,0,1,0,0,0,0,0,0,0,0,0,53.97092106,0
58,P901,0,,,,,P901,Ductile Iron,,,,,,,,P901,137.879927,6,130,,0,0,P901,0,6,137.88,130,0,0,0,0,1,0,0,0,0,0,0,0,0,0,137.879927,0
59,P903,0,,,,,P903,Ductile Iron,,,,,,,,P903,40.40162768,6,130,,0,0,P903,0,6,40.4,130,0,0,0,0,1,0,0,0,0,0,0,0,0,0,40.40162767,0
60,P905,0,,,,,P905,Ductile Iron,,,,,,,,P905,50.53918541,6,130,,0,0,P905,0,6,50.54,130,0,0,0,0,1,0,0,0,0,0,0,0,0,0,50.53918541,0
61,P907,0,,,,,P907,Ductile Iron,,,,,,,,P907,130.1747675,6,130,,0,0,P907,0,6,130.17,130,0,0,0,0,1,0,0,0,0,0,0,0,0,0,130.1747675,0
62,P909,0,,,,,P909,Ductile Iron,,,,,,,,P909,36.63753434,6,130,,0,0,P909,0,6,36.64,130,0,0,0,0,1,0,0,0,0,0,0,0,0,0,36.63753434,0
63,P911,0,,,,,P911,Ductile Iron,,,,,,,,P911,29.96011365,6,130,,0,0,P911,0,6,29.96,130,0,0,0,0,1,0,0,0,0,0,0,0,0,0,29.96011365,0
64,P913,0,,,,,P913,Ductile Iron,,,,,,,,P913,0.648437063,6,130,,0,0,P913,0,6,0.65,130,0,0,0,0,1,0,0,0,0,0,0,0,0,0,0.648437063,0
65,P915,0,,,,,P915,Ductile Iron,,,,,,,,P915,61.88874103,6,130,,0,0,P915,0,6,61.89,130,0,0,0,0,1,0,0,0,0,0,0,0,0,0,61.88874103,0
66,P917,0,,,,,P917,Ductile Iron,,,,,,,,P917,67.53553793,6,130,,0,0,P917,0,6,67.54,130,0,0,0,0,1,0,0,0,0,0,0,0,0,0,67.53553793,0
67,P919,0,,,,,P919,Ductile Iron,,,,,,,,P919,13.11924061,6,130,,0,0,P919,0,6,13.12,130,0,0,0,0,1,0,0,0,0,0,0,0,0,0,13.11924061,0
68,P921,0,,,,,P921,Ductile Iron,,,,,,,,P921,37.71846498,6,130,,0,0,P921,0,6,37.72,130,0,0,0,0,1,0,0,0,0,0,0,0,0,0,37.71846498,0
69,P923,0,,,,,P923,Ductile Iron,,,,,,,,P923,34.8410321,6,130,,0,0,P923,0,6,34.84,130,0,0,0,0,1,0,0,0,0,0,0,0,0,0,34.8410321,0
70,P925,0,,,,,P925,Ductile Iron,,,,,,,,P925,10.8555458,6,130,,0,0,P925,0,6,10.86,130,0,0,0,0,1,0,0,0,0,0,0,0,0,0,10.8555458,0
71,P927,0,,,,,P927,Ductile Iron,,,,,,,,P927,27.54976855,6,130,,0,0,P927,0,6,27.55,130,0,0,0,0,1,0,0,0,0,0,0,0,0,0,27.54976855,0
72,P929,0,,,,,P929,Ductile Iron,,,,,,,,P929,21.2754389,6,130,,0,0,P929,0,6,21.28,130,0,0,0,0,1,0,0,0,0,0,0,0,0,0,21.2754389,0
73,P931,0,,,,,P931,Ductile Iron,,,,,,,,P931,13.35876466,6,130,,0,0,P931,0,6,13.36,130,0,0,0,0,1,0,0,0,0,0,0,0,0,0,13.35876466,0
74,P933,0,,,,,P933,Ductile Iron,,,,,,,,P933,52.61857932,6,130,,0,0,P933,0,6,52.62,130,0,0,0,0,1,0,0,0,0,0,0,0,0,0,52.61857932,0
75,P935,0,,,,,P935,Ductile Iron,,,,,,,,P935,337.6727147,6,130,,0,0,P935,0,6,337.67,130,0,0,0,0,1,0,0,0,0,0,0,0,0,0,337.6727147,0
76,P937,0,,,,,P937,Ductile Iron,,,,,,,,P937,98.55551897,6,130,,0,0,P937,0,6,98.56,130,0,0,0,0,1,0,0,0,0,0,0,0,0,0,98.55551897,0
77,P939,0,,,,,P939,Ductile Iron,,,,,,,,P939,78.31699985,6,130,,0,0,P939,0,6,78.32,130,0,0,0,0,1,0,0,0,0,0,0,0,0,0,78.31699985,0
78,P941,0,,,,,P941,Ductile Iron,,,,,,,,P941,45.13913858,6,130,,0,0,P941,0,6,45.14,130,0,0,0,0,1,0,0,0,0,0,0,0,0,0,45.13913858,0
79,P943,0,,,,,P943,Ductile Iron,,,,,,,,P943,45.02194494,6,130,,0,0,P943,0,6,45.02,130,0,0,0,0,1,0,0,0,0,0,0,0,0,0,45.02194494,0
80,P945,0,,,,,P945,Ductile Iron,,,,,,,,P945,4.546434206,6,130,,0,0,P945,0,6,4.55,130,0,0,0,0,1,0,0,0,0,0,0,0,0,0,4.546434206,0
81,P947,0,,,,,P947,Ductile Iron,,,,,,,,P947,50.72989281,6,130,,0,0,P947,0,6,50.73,130,0,0,0,0,1,0,0,0,0,0,0,0,0,0,50.72989281,0
82,P949,0,,,,,P949,Ductile Iron,,,,,,,,P949,66.04333469,6,130,,0,0,P949,0,6,66.04,130,0,0,0,0,1,0,0,0,0,0,0,0,0,0,66.04333469,0
83,P951,0,,,,,P951,Ductile Iron,,,,,,,,P951,325.0990207,6,130,,0,0,P951,0,6,325.1,130,0,0,0,0,1,0,0,0,0,0,0,0,0,0,325.0990207,0
84,P953,0,,,,,P953,Ductile Iron,,,,,,,,P953,473.2761407,6,130,,0,0,P953,0,6,473.28,130,0,0,0,0,1,0,0,0,0,0,0,0,0,0,473.2761407,0
85,P955,0,,,,,P955,Ductile Iron,,,,,,,,P955,34.70242414,6,130,,0,0,P955,0,6,34.7,130,0,0,0,0,1,0,0,0,0,0,0,0,0,0,34.70242414,0
86,P957,0,,,,,P957,Ductile Iron,,,,,,,,P957,43.35433828,6,130,,0,0,P957,0,6,43.35,130,0,0,0,0,1,0,0,0,0,0,0,0,0,0,43.35433828,0
87,P959,0,,,,,P959,Ductile Iron,,,,,,,,P959,27.10455449,6,130,,0,0,P959,0,6,27.1,130,0,0,0,0,1,0,0,0,0,0,0,0,0,0,27.10455449,0
88,P961,0,,,,,P961,Ductile Iron,,,,,,,,P961,35.89794899,6,130,,0,0,P961,0,6,35.9,130,0,0,0,0,1,0,0,0,0,0,0,0,0,0,35.89794899,0
89,P963,0,,,,,P963,Ductile Iron,,,,,,,,P963,325.8193617,6,130,,0,0,P963,0,6,325.82,130,0,0,0,0,1,0,0,0,0,0,0,0,0,0,325.8193617,0
90,P965,0,,,,,P965,Ductile Iron,,,,,,,,P965,41.48804654,6,130,,0,0,P965,0,6,41.49,130,0,0,0,0,1,0,0,0,0,0,0,0,0,0,41.48804654,0
91,P967,0,,,,,P967,Ductile Iron,,,,,,,,P967,40.52424318,6,130,,0,0,P967,0,6,40.52,130,0,0,0,0,1,0,0,0,0,0,0,0,0,0,40.52424318,0
92,P969,0,,,,,P969,Ductile Iron,,,,,,,,P969,25.76319811,6,130,,0,0,P969,0,6,25.76,130,0,0,0,0,1,0,0,0,0,0,0,0,0,0,25.76319811,0
93,P971,0,,,,,P971,Ductile Iron,,,,,,,,P971,22.38783335,6,130,,0,0,P971,0,6,22.39,130,0,0,0,0,1,0,0,0,0,0,0,0,0,0,22.38783335,0
94,P973,0,,,,,P973,Ductile Iron,,,,,,,,P973,81.20152657,6,130,,0,0,P973,0,6,81.2,130,0,0,0,0,1,0,0,0,0,0,0,0,0,0,81.20152657,0
95,P975,0,,,,,P975,Ductile Iron,,,,,,,,P975,90.28895749,6,130,,0,0,P975,0,6,90.29,130,0,0,0,0,1,0,0,0,0,0,0,0,0,0,90.28895749,0
96,P977,0,,,,,P977,Galvanized Iron,,,,,,,,P977,71.08215439,2,130,,0,0,P977,0,2,71.08,130,0,0,0,0,1,0,0,0,0,0,0,0,0,0,71.08215439,0
97,P979,0,,,,,P979,Galvanized Iron,,,,,,,,P979,1160.569745,2,130,,0,0,P979,0,2,1160.57,130,0,0,0,0,1,0,0,0,0,0,0,0,0,0,1160.569745,0
98,P981,0,,,,,P981,Galvanized Iron,,,,,,,,P981,29.11471288,2,130,,0,0,P981,0,2,29.11,130,0,0,0,0,1,0,0,0,0,0,0,0,0,0,29.11471288,0
99,P983,0,,,,,P983,Ductile Iron,,,,,,,,P983,166.4058209,6,130,,0,0,P983,1,6,166.41,130,1.39,0.02,0,0,1,1.39,1.39,1.39,0.02,0.02,0.02,0,0,0,166.4058209,0
100,P985,0,,,,,P985,PVC,,,,,,,,P985,1773.483782,12,130,,0,0,P985,-1,12,1773.48,130,15.71,0.04,0,0,1,15.71,15.71,15.71,0.04,0.04,0.04,0,0,0,1773.483782,0
101,P987,0,,,,,P987,Cast Iron,,,,,,,,P987,15.90713349,6,130,,0,0,P987,1,6,15.91,130,0.14,0,0,0,1,0.14,0.14,0.14,0,0,0,0,0,0,15.90713349,0
102,P989,0,,,,,P989,Cast Iron,,,,,,,,P989,219.2257774,6,130,,0,0,P989,1,6,219.23,130,0.14,0,0,0,1,0.14,0.14,0.14,0,0,0,0,0,0,219.2257774,0
103,P991,0,,,,,P991,PVC,,,,,,,,P991,130.0246617,6,130,,0,0,P991,-1,6,130.02,130,8.88,0.1,0,0.01,1,8.88,8.88,8.88,0.1,0.1,0.1,0,0,0,130.0246617,0
104,P993,0,,,,,P993,PVC,,,,,,,,P993,47.06334854,6,130,,0,0,P993,-1,6,47.06,130,9.16,0.1,0,0.01,1,9.16,9.16,9.16,0.1,0.1,0.1,0,0,0,47.06334854,0
105,P995,0,,,,,P995,PVC,,,,,,,,P995,38.26525992,6,130,,0,0,P995,-1,6,38.27,130,6.45,0.07,0,0.01,1,6.45,6.45,6.45,0.07,0.07,0.07,0,0,0,38.26525992,0
106,P997,0,,,,,P997,PVC,,,,,,,,P997,192.4686655,6,130,,0,0,P997,-1,6,192.47,130,6.45,0.07,0,0.01,1,6.45,6.45,6.45,0.07,0.07,0.07,0,0,0,192.4686655,0
107,P999,0,,,,,P999,PVC,,,,,,,,P999,746.6383456,6,130,,0,0,P999,-1,6,746.64,130,8.25,0.09,0.01,0.01,1,8.25,8.25,8.25,0.09,0.09,0.09,0.01,0.01,0.01,746.6383456,0
108,P1001,0,,,,,P1001,PVC,,,,,,,,P1001,27.18767545,6,130,,0,0,P1001,-1,6,27.19,130,10.06,0.11,0,0.02,1,10.06,10.06,10.06,0.11,0.11,0.11,0,0,0,27.18767545,0
109,P1003,0,,,,,P1003,PVC,,,,,,,,P1003,373.2880444,6,130,,0,0,P1003,-1,6,373.29,130,10.06,0.11,0.01,0.01,1,10.06,10.06,10.06,0.11,0.11,0.11,0.01,0.01,0.01,373.2880444,0
110,P1005,0,,,,,P1005,Asbestos Cement,,,,,,,,P1005,10.91095048,6,130,,0,0,P1005,-1,6,10.91,130,11.45,0.13,0,0.02,1,11.45,11.45,11.45,0.13,0.13,0.13,0,0,0,10.91095048,0
111,P1007,0,,,,,P1007,Ductile Iron,,,,,,,,P1007,84.74897534,6,130,,0,0,P1007,0,6,84.75,130,0,0,0,0,1,0,0,0,0,0,0,0,0,0,84.74897534,0
112,P1009,0,,,,,P1009,Ductile Iron,,,,,,,,P1009,454.878782,6,130,,0,0,P1009,-1,6,454.88,130,0.69,0.01,0,0,1,0.69,0.69,0.69,0.01,0.01,0.01,0,0,0,454.878782,0
113,P1011,0,,,,,P1011,Asbestos Cement,,,,,,,,P1011,13.59322959,6,130,,0,0,P1011,-1,6,13.59,130,11.45,0.13,0,0.02,1,11.45,11.45,11.45,0.13,0.13,0.13,0,0,0,13.59322959,0
114,P1013,0,,,,,P1013,Asbestos Cement,,,,,,,,P1013,502.7149262,6,130,,0,0,P1013,-1,6,502.71,130,19.91,0.23,0.03,0.05,1,19.91,19.91,19.91,0.23,0.23,0.23,0.03,0.03,0.03,502.7149262,0
115,P1015,0,,,,,P1015,Cast Iron,,,,,,,,P1015,108.5799324,6,130,,0,0,P1015,-1,6,108.58,130,21.44,0.24,0.01,0.06,1,21.44,21.44,21.44,0.24,0.24,0.24,0.01,0.01,0.01,108.5799324,0
116,P1017,0,,,,,P1017,Cast Iron,,,,,,,,P1017,287.1336652,6,130,,0,0,P1017,-1,6,287.13,130,21.86,0.25,0.02,0.06,1,21.86,21.86,21.86,0.25,0.25,0.25,0.02,0.02,0.02,287.1336652,1
117,P1019,0,,,,,P1019,Cast Iron,,,,,,,,P1019,24.81049426,6,130,,0,0,P1019,-1,6,24.81,130,21.86,0.25,0,0.06,1,21.86,21.86,21.86,0.25,0.25,0.25,0,0,0,24.81049426,1
118,P1021,0,,,,,P1021,Asbestos Cement,,,,,,,,P1021,21.53579438,6,130,,0,0,P1021,-1,6,21.54,130,7.45,0.08,0,0.01,1,7.45,7.45,7.45,0.08,0.08,0.08,0,0,0,21.53579438,0
119,P1023,0,,,,,P1023,Asbestos Cement,,,,,,,,P1023,369.6396248,6,130,,0,0,P1023,-1,6,369.64,130,7.45,0.08,0,0.01,1,7.45,7.45,7.45,0.08,0.08,0.08,0,0,0,369.6396248,0
120,P1025,0,,,,,P1025,Asbestos Cement,,,,,,,,P1025,156.8811313,6,130,,0,0,P1025,-1,6,156.88,130,7.73,0.09,0,0.01,1,7.73,7.73,7.73,0.09,0.09,0.09,0,0,0,156.8811313,0
121,P1027,0,,,,,P1027,Asbestos Cement,,,,,,,,P1027,450.3187218,6,130,,0,0,P1027,-1,6,450.32,130,8.29,0.09,0,0.01,1,8.29,8.29,8.29,0.09,0.09,0.09,0,0,0,450.3187218,0
122,P1029,0,,,,,P1029,Asbestos Cement,,,,,,,,P1029,526.9002055,6,130,,0,0,P1029,-1,6,526.9,130,10.51,0.12,0.01,0.02,1,10.51,10.51,10.51,0.12,0.12,0.12,0.01,0.01,0.01,526.9002055,0
123,P1031,0,,,,,P1031,Asbestos Cement,,,,,,,,P1031,516.1883072,6,130,,0,0,P1031,-1,6,516.19,130,11.34,0.13,0.01,0.02,1,11.34,11.34,11.34,0.13,0.13,0.13,0.01,0.01,0.01,516.1883072,0
124,P1033,0,,,,,P1033,Asbestos Cement,,,,,,,,P1033,342.5833997,6,130,,0,0,P1033,-1,6,342.58,130,12.59,0.14,0.01,0.02,1,12.59,12.59,12.59,0.14,0.14,0.14,0.01,0.01,0.01,342.5833997,0
125,P1035,0,,,,,P1035,Asbestos Cement,,,,,,,,P1035,41.49223507,6,130,,0,0,P1035,1,6,41.49,130,5.28,0.06,0,0,1,5.28,5.28,5.28,0.06,0.06,0.06,0,0,0,41.49223507,0
126,P1037,0,,,,,P1037,Asbestos Cement,,,,,,,,P1037,476.6290482,6,130,,0,0,P1037,1,6,476.63,130,5.28,0.06,0,0,1,5.28,5.28,5.28,0.06,0.06,0.06,0,0,0,476.6290482,0
127,P1039,0,,,,,P1039,Asbestos Cement,,,,,,,,P1039,390.2528129,6,130,,0,0,P1039,1,6,390.25,130,2.09,0.02,0,0,1,2.09,2.09,2.09,0.02,0.02,0.02,0,0,0,390.2528129,0
128,P1041,0,,,,,P1041,Asbestos Cement,,,,,,,,P1041,26.67392697,6,130,,0,0,P1041,1,6,26.67,130,1.39,0.02,0,0,1,1.39,1.39,1.39,0.02,0.02,0.02,0,0,0,26.67392697,0
129,P1045,0,,,,,P1045,,,,,,,,,P1045,641,6,130,0,0,0,P1045,1,6,641,130,1.39,0.02,0,0,1,1.39,1.39,1.39,0.02,0.02,0.02,0,0,0,614.0834536,0
130,P1047,0,,,,,P1047,Asbestos Cement,,,,,,,,P1047,378.2652544,6,130,,0,0,P1047,1,6,378.27,130,1.39,0.02,0,0,1,1.39,1.39,1.39,0.02,0.02,0.02,0,0,0,378.2652544,0
131,P1049,0,,,,,P1049,Cast Iron,,,,,,,,P1049,22.16717454,6,130,,0,0,P1049,-1,6,22.17,130,18.01,0.2,0,0.04,1,18.01,18.01,18.01,0.2,0.2,0.2,0,0,0,22.16717454,0
132,P1051,0,,,,,P1051,Cast Iron,,,,,,,,P1051,287.3418061,6,130,,0,0,P1051,-1,6,287.34,130,18.29,0.21,0.01,0.04,1,18.29,18.29,18.29,0.21,0.21,0.21,0.01,0.01,0.01,287.3418061,0
133,P1053,0,,,,,P1053,Cast Iron,,,,,,,,P1053,87.76071402,6,130,,0,0,P1053,-1,6,87.76,130,18.57,0.21,0,0.05,1,18.57,18.57,18.57,0.21,0.21,0.21,0,0,0,87.76071402,0
134,P1055,0,,,,,P1055,Cast Iron,,,,,,,,P1055,50.64131166,6,130,,0,0,P1055,-1,6,50.64,130,19.26,0.22,0,0.05,1,19.26,19.26,19.26,0.22,0.22,0.22,0,0,0,50.64131166,0
135,P1057,0,,,,,P1057,Cast Iron,,,,,,,,P1057,29.5940339,6,130,,0,0,P1057,-1,6,29.59,130,1.39,0.02,0,0,1,1.39,1.39,1.39,0.02,0.02,0.02,0,0,0,29.5940339,1
136,P1059,0,,,,,P1059,Cast Iron,,,,,,,,P1059,91.93045204,6,130,,0,0,P1059,-1,6,91.93,130,1.39,0.02,0,0,1,1.39,1.39,1.39,0.02,0.02,0.02,0,0,0,91.93045203,1
137,P1061,0,,,,,P1061,Cast Iron,,,,,,,,P1061,530.4227943,6,130,,0,0,P1061,-1,6,530.42,130,23.66,0.27,0.04,0.07,1,23.66,23.66,23.66,0.27,0.27,0.27,0.04,0.04,0.04,530.4227943,1
138,P1063,0,,,,,P1063,Cast Iron,,,,,,,,P1063,32.0622489,6,130,,0,0,P1063,1,6,32.06,130,4.63,0.05,0,0,1,4.63,4.63,4.63,0.05,0.05,0.05,0,0,0,32.0622489,0
139,P1065,0,,,,,P1065,Cast Iron,,,,,,,,P1065,157.0467164,6,130,,0,0,P1065,1,6,157.05,130,4.63,0.05,0,0,1,4.63,4.63,4.63,0.05,0.05,0.05,0,0,0,157.0467164,0
140,P1067,0,,,,,P1067,Cast Iron,,,,,,,,P1067,626.9172311,6,130,,0,0,P1067,1,6,626.92,130,2.82,0.03,0,0,1,2.82,2.82,2.82,0.03,0.03,0.03,0,0,0,626.9172311,0
141,P1069,0,,,,,P1069,Cast Iron,,,,,,,,P1069,39.01814943,6,130,,0,0,P1069,-1,6,39.02,130,30.24,0.34,0,0.11,1,30.24,30.24,30.24,0.34,0.34,0.34,0,0,0,39.01814943,1
142,P1071,0,,,,,P1071,Cast Iron,,,,,,,,P1071,29.49177801,6,130,,0,0,P1071,-1,6,29.49,130,30.24,0.34,0,0.11,1,30.24,30.24,30.24,0.34,0.34,0.34,0,0,0,29.49177801,1
143,P1073,0,,,,,P1073,Cast Iron,,,,,,,,P1073,143.7324379,6,130,,0,0,P1073,-1,6,143.73,130,30.24,0.34,0.02,0.11,1,30.24,30.24,30.24,0.34,0.34,0.34,0.02,0.02,0.02,143.7324379,1
144,P1075,0,,,,,P1075,Cast Iron,,,,,,,,P1075,80.44065235,6,130,,0,0,P1075,-1,6,80.44,130,30.24,0.34,0.01,0.11,1,30.24,30.24,30.24,0.34,0.34,0.34,0.01,0.01,0.01,80.44065235,1
145,P1077,0,,,,,P1077,Cast Iron,,,,,,,,P1077,24.68039997,8,130,,0,0,P1077,-1,8,24.68,130,63.48,0.41,0,0.11,1,63.48,63.48,63.48,0.41,0.41,0.41,0,0,0,24.68039997,1
146,P1079,0,,,,,P1079,Cast Iron,,,,,,,,P1079,231.0736001,8,130,,0,0,P1079,-1,8,231.07,130,63.48,0.41,0.03,0.11,1,63.48,63.48,63.48,0.41,0.41,0.41,0.03,0.03,0.03,231.0736001,1
147,P1081,0,,,,,P1081,Cast Iron,,,,,,,,P1081,139.5442394,8,130,,0,0,P1081,-1,8,139.54,130,65.29,0.42,0.02,0.12,1,65.29,65.29,65.29,0.42,0.42,0.42,0.02,0.02,0.02,139.5442394,1
148,P1083,0,,,,,P1083,Cast Iron,,,,,,,,P1083,200.8872127,8,130,,0,0,P1083,-1,8,200.89,130,53.93,0.34,0.02,0.08,1,53.93,53.93,53.93,0.34,0.34,0.34,0.02,0.02,0.02,200.8872127,1
149,P1085,0,,,,,P1085,Cast Iron,,,,,,,,P1085,49.17224383,8,130,,0,0,P1085,-1,8,49.17,130,54.07,0.35,0,0.08,1,54.07,54.07,54.07,0.35,0.35,0.35,0,0,0,49.17224383,1
150,P1087,0,,,,,P1087,Cast Iron,,,,,,,,P1087,17.30314784,8,130,,0,0,P1087,-1,8,17.3,130,54.07,0.35,0,0.08,1,54.07,54.07,54.07,0.35,0.35,0.35,0,0,0,17.30314784,1
151,P1089,0,,,,,P1089,Asbestos Cement,,,,,,,,P1089,343.8155902,6,130,,0,0,P1089,-1,6,343.82,130,19.19,0.22,0.02,0.05,1,19.19,19.19,19.19,0.22,0.22,0.22,0.02,0.02,0.02,343.8155902,1
152,P1091,0,,,,,P1091,Asbestos Cement,,,,,,,,P1091,281.8074916,6,130,,0,0,P1091,-1,6,281.81,130,19.33,0.22,0.01,0.05,1,19.33,19.33,19.33,0.22,0.22,0.22,0.01,0.01,0.01,281.8074916,1
153,P1093,0,,,,,P1093,Asbestos Cement,,,,,,,,P1093,252.0684287,6,130,,0,0,P1093,-1,6,252.07,130,19.61,0.22,0.01,0.05,1,19.61,19.61,19.61,0.22,0.22,0.22,0.01,0.01,0.01,252.0684287,1
154,P1095,0,,,,,P1095,Asbestos Cement,,,,,,,,P1095,310.3178009,6,130,,0,0,P1095,-1,6,310.32,130,35.59,0.4,0.05,0.15,1,35.59,35.59,35.59,0.4,0.4,0.4,0.05,0.05,0.05,310.3178009,1
155,P1097,0,,,,,P1097,Asbestos Cement,,,,,,,,P1097,67.82301628,6,130,,0,0,P1097,-1,6,67.82,130,35.59,0.4,0.01,0.15,1,35.59,35.59,35.59,0.4,0.4,0.4,0.01,0.01,0.01,67.82301628,1
156,P1099,0,,,,,P1099,Asbestos Cement,,,,,,,,P1099,475.7467214,6,130,,0,0,P1099,-1,6,475.75,130,44.45,0.5,0.11,0.23,1,44.45,44.45,44.45,0.5,0.5,0.5,0.11,0.11,0.11,475.7467214,1
157,P1101,0,,,,,P1101,Asbestos Cement,,,,,,,,P1101,132.8628991,6,130,,0,0,P1101,-1,6,132.86,130,45.15,0.51,0.03,0.24,1,45.15,45.15,45.15,0.51,0.51,0.51,0.03,0.03,0.03,132.8628991,1
158,P1103,0,,,,,P1103,Asbestos Cement,,,,,,,,P1103,22.4341315,6,130,,0,0,P1103,-1,6,22.43,130,45.15,0.51,0.01,0.24,1,45.15,45.15,45.15,0.51,0.51,0.51,0.01,0.01,0.01,22.4341315,1
159,P1105,0,,,,,P1105,Cast Iron,,,,,,,,P1105,241.2895129,6,130,,0,0,P1105,-1,6,241.29,130,70.63,0.8,0.13,0.55,1,70.63,70.63,70.63,0.8,0.8,0.8,0.13,0.13,0.13,241.2895129,1
160,P1107,0,,,,,P1107,Cast Iron,,,,,,,,P1107,81.99473576,6,130,,0,0,P1107,-1,6,81.99,130,71.04,0.81,0.05,0.55,1,71.04,71.04,71.04,0.81,0.81,0.81,0.05,0.05,0.05,81.99473576,1
161,P1109,0,,,,,P1109,Cast Iron,,,,,,,,P1109,28.78990544,6,130,,0,0,P1109,-1,6,28.79,130,71.04,0.81,0.02,0.55,1,71.04,71.04,71.04,0.81,0.81,0.81,0.02,0.02,0.02,28.78990544,1
162,P1111,0,,,,,P1111,PVC,,,,,,,,P1111,33.46596525,8,130,,0,0,P1111,-1,8,33.47,130,26.03,0.17,0,0.02,1,26.03,26.03,26.03,0.17,0.17,0.17,0,0,0,33.46596525,1
163,P1113,0,,,,,P1113,PVC,,,,,,,,P1113,363.658617,8,130,,0,0,P1113,-1,8,363.66,130,26.03,0.17,0.01,0.02,1,26.03,26.03,26.03,0.17,0.17,0.17,0.01,0.01,0.01,363.658617,1
164,P1115,0,,,,,P1115,PVC,,,,,,,,P1115,606.3244399,8,130,,0,0,P1115,-1,8,606.32,130,27.97,0.18,0.01,0.02,1,27.97,27.97,27.97,0.18,0.18,0.18,0.01,0.01,0.01,606.3244399,1
165,P1117,0,,,,,P1117,PVC,,,,,,,,P1117,524.0799316,8,130,,0,0,P1117,-1,8,524.08,130,22.41,0.14,0.01,0.02,1,22.41,22.41,22.41,0.14,0.14,0.14,0.01,0.01,0.01,524.0799316,1
166,P1119,0,,,,,P1119,PVC,,,,,,,,P1119,204.6458904,8,130,,0,0,P1119,-1,8,204.65,130,30.47,0.19,0.01,0.03,1,30.47,30.47,30.47,0.19,0.19,0.19,0.01,0.01,0.01,204.6458904,1
167,P1121,0,,,,,P1121,PVC,,,,,,,,P1121,730.1297222,8,130,,0,0,P1121,-1,8,730.13,130,32.84,0.21,0.02,0.03,1,32.84,32.84,32.84,0.21,0.21,0.21,0.02,0.02,0.02,730.1297222,1
168,P1123,0,,,,,P1123,PVC,,,,,,,,P1123,20.37625578,8,130,,0,0,P1123,-1,8,20.38,130,32.84,0.21,0,0.03,1,32.84,32.84,32.84,0.21,0.21,0.21,0,0,0,20.37625578,1
169,P1125,0,,,,,P1125,Asbestos Cement,,,,,,,,P1125,26.92918404,8,130,,0,0,P1125,-1,8,26.93,130,72.81,0.46,0,0.14,1,72.81,72.81,72.81,0.46,0.46,0.46,0,0,0,26.92918404,0
170,P1127,0,,,,,P1127,Asbestos Cement,,,,,,,,P1127,222.1153308,8,130,,0,0,P1127,-1,8,222.12,130,72.81,0.46,0.03,0.14,1,72.81,72.81,72.81,0.46,0.46,0.46,0.03,0.03,0.03,222.1153308,0
171,P1129,0,,,,,P1129,Asbestos Cement,,,,,,,,P1129,67.19330609,8,130,,0,0,P1129,-1,8,67.19,130,72.82,0.46,0.01,0.14,1,72.82,72.82,72.82,0.46,0.46,0.46,0.01,0.01,0.01,67.19330609,0
172,P1131,0,,,,,P1131,Asbestos Cement,,,,,,,,P1131,1129.798196,8,130,,0,0,P1131,-1,8,1129.8,130,72.82,0.46,0.16,0.14,1,72.82,72.82,72.82,0.46,0.46,0.46,0.16,0.16,0.16,1129.798196,0
173,P1133,0,,,,,P1133,Asbestos Cement,,,,,,,,P1133,395.6844227,8,130,,0,0,P1133,-1,8,395.68,130,72.82,0.46,0.06,0.14,1,72.82,72.82,72.82,0.46,0.46,0.46,0.06,0.06,0.06,395.6844227,0
174,P1135,0,,,,,P1135,Asbestos Cement,,,,,,,,P1135,71.96008102,8,130,,0,0,P1135,-1,8,71.96,130,72.82,0.46,0.01,0.14,1,72.82,72.82,72.82,0.46,0.46,0.46,0.01,0.01,0.01,71.96008102,0
175,P1137,0,,,,,P1137,Cast Iron,,,,,,,,P1137,27.69820038,6,130,,0,0,P1137,-1,6,27.7,130,17.43,0.2,0,0.04,1,17.43,17.43,17.43,0.2,0.2,0.2,0,0,0,27.69820038,0
176,P1139,0,,,,,P1139,Cast Iron,,,,,,,,P1139,254.925162,6,130,,0,0,P1139,-1,6,254.93,130,17.43,0.2,0.01,0.04,1,17.43,17.43,17.43,0.2,0.2,0.2,0.01,0.01,0.01,254.925162,0
177,P1141,0,,,,,P1141,Cast Iron,,,,,,,,P1141,43.57065224,6,130,,0,0,P1141,-1,6,43.57,130,10.96,0.12,0,0.02,1,10.96,10.96,10.96,0.12,0.12,0.12,0,0,0,43.57065224,0
178,P1143,0,,,,,P1143,Cast Iron,,,,,,,,P1143,18.73749826,6,130,,0,0,P1143,-1,6,18.74,130,11.1,0.13,0,0.02,1,11.1,11.1,11.1,0.13,0.13,0.13,0,0,0,18.73749826,0
179,P1145,0,,,,,P1145,Cast Iron,,,,,,,,P1145,697.2017257,6,130,,0,0,P1145,-1,6,697.2,130,11.66,0.13,0.01,0.02,1,11.66,11.66,11.66,0.13,0.13,0.13,0.01,0.01,0.01,697.2017257,0
180,P1147,0,,,,,P1147,Asbestos Cement,,,,,,,,P1147,26.88713823,6,130,,0,0,P1147,-1,6,26.89,130,21.46,0.24,0,0.06,1,21.46,21.46,21.46,0.24,0.24,0.24,0,0,0,26.88713823,0
181,P1149,0,,,,,P1149,Asbestos Cement,,,,,,,,P1149,487.3147774,6,130,,0,0,P1149,-1,6,487.31,130,21.46,0.24,0.03,0.06,1,21.46,21.46,21.46,0.24,0.24,0.24,0.03,0.03,0.03,487.3147774,0
182,P1151,0,,,,,P1151,Asbestos Cement,,,,,,,,P1151,240.2653862,6,130,,0,0,P1151,-1,6,240.27,130,21.46,0.24,0.01,0.06,1,21.46,21.46,21.46,0.24,0.24,0.24,0.01,0.01,0.01,240.2653862,0
183,P1153,0,,,,,P1153,Asbestos Cement,,,,,,,,P1153,33.82124993,6,130,,0,0,P1153,-1,6,33.82,130,21.46,0.24,0,0.06,1,21.46,21.46,21.46,0.24,0.24,0.24,0,0,0,33.82124993,0
184,P1155,0,,,,,P1155,Asbestos Cement,,,,,,,,P1155,631.0446813,6,130,,0,0,P1155,-1,6,631.04,130,13.02,0.15,0.02,0.02,1,13.02,13.02,13.02,0.15,0.15,0.15,0.02,0.02,0.02,631.0446813,1
185,P1157,0,,,,,P1157,Asbestos Cement,,,,,,,,P1157,206.976051,6,130,,0,0,P1157,-1,6,206.98,130,34.32,0.39,0.03,0.14,1,34.32,34.32,34.32,0.39,0.39,0.39,0.03,0.03,0.03,206.976051,0
186,P1159,0,,,,,P1159,Asbestos Cement,,,,,,,,P1159,30.94692077,6,130,,0,0,P1159,-1,6,30.95,130,34.32,0.39,0,0.14,1,34.32,34.32,34.32,0.39,0.39,0.39,0,0,0,30.94692077,0
187,P1161,0,,,,,P1161,Galvanized Iron,,,,,,,,P1161,185.6947717,1.5,130,,0,0,P1161,1,1.5,185.69,130,0.14,0.03,0,0,1,0.14,0.14,0.14,0.03,0.03,0.03,0,0,0,185.6947717,0
188,P1163,0,,,,,P1163,Asbestos Cement,,,,,,,,P1163,32.36305057,6,130,,0,0,P1163,1,6,32.36,130,20.05,0.23,0,0.05,1,20.05,20.05,20.05,0.23,0.23,0.23,0,0,0,32.36305057,0
189,P1165,0,,,,,P1165,Asbestos Cement,,,,,,,,P1165,553.5372769,6,130,,0,0,P1165,1,6,553.54,130,20.05,0.23,0.03,0.05,1,20.05,20.05,20.05,0.23,0.23,0.23,0.03,0.03,0.03,553.5372769,0
190,P1167,0,,,,,P1167,Asbestos Cement,,,,,,,,P1167,69.78464434,6,130,,0,0,P1167,1,6,69.78,130,19.91,0.23,0,0.05,1,19.91,19.91,19.91,0.23,0.23,0.23,0,0,0,69.78464434,0
191,P1169,0,,,,,P1169,Asbestos Cement,,,,,,,,P1169,32.05558528,6,130,,0,0,P1169,1,6,32.06,130,17.41,0.2,0,0.04,1,17.41,17.41,17.41,0.2,0.2,0.2,0,0,0,32.05558528,0
192,P1171,0,,,,,P1171,Asbestos Cement,,,,,,,,P1171,669.5070049,6,130,,0,0,P1171,1,6,669.51,130,17.41,0.2,0.03,0.04,1,17.41,17.41,17.41,0.2,0.2,0.2,0.03,0.03,0.03,669.5070049,0
193,P1173,0,,,,,P1173,Asbestos Cement,,,,,,,,P1173,81.93880003,10,130,,0,0,P1173,-1,10,81.94,130,117.97,0.48,0.01,0.12,1,117.97,117.97,117.97,0.48,0.48,0.48,0.01,0.01,0.01,81.93880003,1
194,P1175,0,,,,,P1175,Asbestos Cement,,,,,,,,P1175,96.20202822,10,130,,0,0,P1175,-1,10,96.2,130,117.97,0.48,0.01,0.12,1,117.97,117.97,117.97,0.48,0.48,0.48,0.01,0.01,0.01,96.20202822,1
195,P1177,0,,,,,P1177,Asbestos Cement,,,,,,,,P1177,301.4871907,10,130,,0,0,P1177,-1,10,301.49,130,118.39,0.48,0.04,0.12,1,118.39,118.39,118.39,0.48,0.48,0.48,0.04,0.04,0.04,301.4871907,1
196,P1179,0,,,,,P1179,Asbestos Cement,,,,,,,,P1179,792.2364642,10,130,,0,0,P1179,-1,10,792.24,130,118.39,0.48,0.09,0.12,1,118.39,118.39,118.39,0.48,0.48,0.48,0.09,0.09,0.09,792.2364642,1
197,P1181,0,,,,,P1181,Asbestos Cement,,,,,,,,P1181,31.18835659,10,130,,0,0,P1181,-1,10,31.19,130,118.39,0.48,0,0.12,1,118.39,118.39,118.39,0.48,0.48,0.48,0,0,0,31.18835659,0
198,P1183,0,,,,,P1183,Asbestos Cement,,,,,,,,P1183,551.1132222,10,130,,0,0,P1183,-1,10,551.11,130,123.7,0.51,0.07,0.13,1,123.7,123.7,123.7,0.51,0.51,0.51,0.07,0.07,0.07,551.1132222,0
199,P1185,0,,,,,P1185,Asbestos Cement,,,,,,,,P1185,25.96184501,10,130,,0,0,P1185,-1,10,25.96,130,124.53,0.51,0,0.13,1,124.53,124.53,124.53,0.51,0.51,0.51,0,0,0,25.961845,0
200,P1187,0,,,,,P1187,Asbestos Cement,,,,,,,,P1187,697.5476464,10,130,,0,0,P1187,-1,10,697.55,130,124.53,0.51,0.09,0.13,1,124.53,124.53,124.53,0.51,0.51,0.51,0.09,0.09,0.09,697.5476463,0
201,P1189,0,,,,,P1189,Asbestos Cement,,,,,,,,P1189,1110.021747,10,130,,0,0,P1189,-1,10,1110.02,130,100.73,0.41,0.1,0.09,1,100.73,100.73,100.73,0.41,0.41,0.41,0.1,0.1,0.1,1110.021747,0
202,P1191,0,,,,,P1191,Asbestos Cement,,,,,,,,P1191,285.3592397,10,130,,0,0,P1191,-1,10,285.36,130,100.73,0.41,0.03,0.09,1,100.73,100.73,100.73,0.41,0.41,0.41,0.03,0.03,0.03,285.3592397,0
203,P1193,0,,,,,P1193,Asbestos Cement,,,,,,,,P1193,401.9278884,10,130,,0,0,P1193,1,10,401.93,130,100.73,0.41,0.04,0.09,1,100.73,100.73,100.73,0.41,0.41,0.41,0.04,0.04,0.04,401.9278884,0
204,P1195,0,,,,,P1195,Asbestos Cement,,,,,,,,P1195,30.56074045,8,130,,0,0,P1195,-1,8,30.56,130,24.5,0.16,0,0.02,1,24.5,24.5,24.5,0.16,0.16,0.16,0,0,0,30.56074045,0
205,P1197,0,,,,,P1197,Asbestos Cement,,,,,,,,P1197,320.2790161,8,130,,0,0,P1197,-1,8,320.28,130,24.5,0.16,0.01,0.02,1,24.5,24.5,24.5,0.16,0.16,0.16,0.01,0.01,0.01,320.2790161,0
206,P1199,0,,,,,P1199,Asbestos Cement,,,,,,,,P1199,875.9424045,8,130,,0,0,P1199,-1,8,875.94,130,25.06,0.16,0.02,0.02,1,25.06,25.06,25.06,0.16,0.16,0.16,0.02,0.02,0.02,875.9424045,0
207,P1201,0,,,,,P1201,Asbestos Cement,,,,,,,,P1201,599.2737497,8,130,,0,0,P1201,-1,8,599.27,130,26.03,0.17,0.01,0.02,1,26.03,26.03,26.03,0.17,0.17,0.17,0.01,0.01,0.01,599.2737497,0
208,P1203,0,,,,,P1203,Asbestos Cement,,,,,,,,P1203,616.7831577,8,130,,0,0,P1203,-1,8,616.78,130,26.86,0.17,0.01,0.02,1,26.86,26.86,26.86,0.17,0.17,0.17,0.01,0.01,0.01,616.7831577,0
209,P1205,0,,,,,P1205,Asbestos Cement,,,,,,,,P1205,33.53581307,6,130,,0,0,P1205,1,6,33.54,130,2.82,0.03,0,0,1,2.82,2.82,2.82,0.03,0.03,0.03,0,0,0,33.53581307,0
210,P1207,0,,,,,P1207,Asbestos Cement,,,,,,,,P1207,94.34963424,6,130,,0,0,P1207,1,6,94.35,130,2.82,0.03,0,0,1,2.82,2.82,2.82,0.03,0.03,0.03,0,0,0,94.34963424,0
211,P1209,0,,,,,P1209,Asbestos Cement,,,,,,,,P1209,324.6950887,6,130,,0,0,P1209,1,6,324.7,130,2.55,0.03,0,0,1,2.55,2.55,2.55,0.03,0.03,0.03,0,0,0,324.6950887,0
212,P1211,0,,,,,P1211,Asbestos Cement,,,,,,,,P1211,285.7766742,6,130,,0,0,P1211,-1,6,285.78,130,17.41,0.2,0.01,0.04,1,17.41,17.41,17.41,0.2,0.2,0.2,0.01,0.01,0.01,285.7766742,0
213,P1213,0,,,,,P1213,Asbestos Cement,,,,,,,,P1213,73.0977044,6,130,,0,0,P1213,0,6,73.1,130,0,0,0,0,1,0,0,0,0,0,0,0,0,0,73.0977044,0
214,P1215,0,,,,,P1215,Asbestos Cement,,,,,,,,P1215,45.42018608,2,130,,0,0,P1215,-1,2,45.42,130,1.32,0.13,0,0.07,1,1.32,1.32,1.32,0.13,0.13,0.13,0,0,0,45.42018608,0
215,P1217,0,,,,,P1217,Asbestos Cement,,,,,,,,P1217,43.31717166,6,130,,0,0,P1217,-1,6,43.32,130,6.52,0.07,0,0.01,1,6.52,6.52,6.52,0.07,0.07,0.07,0,0,0,43.31717166,0
216,P1219,0,,,,,P1219,Asbestos Cement,,,,,,,,P1219,304.4577823,6,130,,0,0,P1219,-1,6,304.46,130,6.52,0.07,0,0.01,1,6.52,6.52,6.52,0.07,0.07,0.07,0,0,0,304.4577823,0
217,P1221,0,,,,,P1221,Asbestos Cement,,,,,,,,P1221,230.9573842,8,130,,0,0,P1221,-1,8,230.96,130,7.91,0.05,0,0,1,7.91,7.91,7.91,0.05,0.05,0.05,0,0,0,230.9573842,0
218,P1223,0,,,,,P1223,Asbestos Cement,,,,,,,,P1223,549.3484708,8,130,,0,0,P1223,-1,8,549.35,130,7.91,0.05,0,0,1,7.91,7.91,7.91,0.05,0.05,0.05,0,0,0,549.3484708,0
219,P1225,0,,,,,P1225,Asbestos Cement,,,,,,,,P1225,234.2980104,8,130,,0,0,P1225,-1,8,234.3,130,8.32,0.05,0,0,1,8.32,8.32,8.32,0.05,0.05,0.05,0,0,0,234.2980104,0
220,P1227,0,,,,,P1227,Asbestos Cement,,,,,,,,P1227,28.82841365,8,130,,0,0,P1227,-1,8,28.83,130,8.32,0.05,0,0,1,8.32,8.32,8.32,0.05,0.05,0.05,0,0,0,28.82841365,0
221,P1229,0,,,,,P1229,Asbestos Cement,,,,,,,,P1229,35.65224381,6,130,,0,0,P1229,1,6,35.65,130,0.56,0.01,0,0,1,0.56,0.56,0.56,0.01,0.01,0.01,0,0,0,35.65224381,0
222,P1231,0,,,,,P1231,Asbestos Cement,,,,,,,,P1231,800.7973484,6,130,,0,0,P1231,1,6,800.8,130,0.56,0.01,0,0,1,0.56,0.56,0.56,0.01,0.01,0.01,0,0,0,800.7973484,0
223,P1233,0,,,,,P1233,Asbestos Cement,,,,,,,,P1233,21.72076974,6,130,,0,0,P1233,-1,6,21.72,130,35.44,0.4,0,0.15,1,35.44,35.44,35.44,0.4,0.4,0.4,0,0,0,21.72076974,0
224,P1235,0,,,,,P1235,Asbestos Cement,,,,,,,,P1235,351.3000337,6,130,,0,0,P1235,-1,6,351.3,130,35.44,0.4,0.05,0.15,1,35.44,35.44,35.44,0.4,0.4,0.4,0.05,0.05,0.05,351.3000337,0
225,P1237,0,,,,,P1237,Asbestos Cement,,,,,,,,P1237,140.2339371,6,130,,0,0,P1237,-1,6,140.23,130,35.44,0.4,0.02,0.15,1,35.44,35.44,35.44,0.4,0.4,0.4,0.02,0.02,0.02,140.2339371,0
226,P1239,0,,,,,P1239,Asbestos Cement,,,,,,,,P1239,268.6809596,6,130,,0,0,P1239,-1,6,268.68,130,35.44,0.4,0.04,0.15,1,35.44,35.44,35.44,0.4,0.4,0.4,0.04,0.04,0.04,268.6809596,0
227,P1241,0,,,,,P1241,Asbestos Cement,,,,,,,,P1241,328.9021417,6,130,,0,0,P1241,-1,6,328.9,130,35.58,0.4,0.05,0.15,1,35.58,35.58,35.58,0.4,0.4,0.4,0.05,0.05,0.05,328.9021417,0
228,P1243,0,,,,,P1243,Asbestos Cement,,,,,,,,P1243,111.168265,6,130,,0,0,P1243,1,6,111.17,130,36.41,0.41,0.02,0.16,1,36.41,36.41,36.41,0.41,0.41,0.41,0.02,0.02,0.02,111.168265,0
229,P1245,0,,,,,P1245,Asbestos Cement,,,,,,,,P1245,261.7775788,6,130,,0,0,P1245,1,6,261.78,130,0.97,0.01,0,0,1,0.97,0.97,0.97,0.01,0.01,0.01,0,0,0,261.7775788,0
230,P1247,0,,,,,P1247,Asbestos Cement,,,,,,,,P1247,65.31920986,6,130,,0,0,P1247,1,6,65.32,130,0.69,0.01,0,0,1,0.69,0.69,0.69,0.01,0.01,0.01,0,0,0,65.31920986,0
231,P1249,0,,,,,P1249,Asbestos Cement,,,,,,,,P1249,519.2414619,6,130,,0,0,P1249,1,6,519.24,130,0.69,0.01,0,0,1,0.69,0.69,0.69,0.01,0.01,0.01,0,0,0,519.2414619,0
232,P1251,0,,,,,P1251,PVC,,,,,,,,P1251,614.2624976,6,130,,0,0,P1251,1,6,614.26,130,0.69,0.01,0,0,1,0.69,0.69,0.69,0.01,0.01,0.01,0,0,0,614.2624976,0
233,P1253,0,,,,,P1253,PVC,,,,,,,,P1253,43.252131,6,130,,0,0,P1253,1,6,43.25,130,0.69,0.01,0,0,1,0.69,0.69,0.69,0.01,0.01,0.01,0,0,0,43.252131,0
234,P1255,0,,,,,P1255,PVC,,,,,,,,P1255,24.76114381,6,130,,0,0,P1255,1,6,24.76,130,23.26,0.26,0,0.07,1,23.26,23.26,23.26,0.26,0.26,0.26,0,0,0,24.76114381,1
235,P1257,0,,,,,P1257,PVC,,,,,,,,P1257,1193.727467,6,130,,0,0,P1257,1,6,1193.73,130,23.26,0.26,0.08,0.07,1,23.26,23.26,23.26,0.26,0.26,0.26,0.08,0.08,0.08,1193.727467,0
236,P1259,0,,,,,P1259,PVC,,,,,,,,P1259,967.531738,6,130,,0,0,P1259,1,6,967.53,130,23.26,0.26,0.07,0.07,1,23.26,23.26,23.26,0.26,0.26,0.26,0.07,0.07,0.07,967.531738,0
237,P1261,0,,,,,P1261,PVC,,,,,,,,P1261,33.30804143,6,130,,0,0,P1261,1,6,33.31,130,23.26,0.26,0,0.07,1,23.26,23.26,23.26,0.26,0.26,0.26,0,0,0,33.30804143,0
238,P1263,0,,,,,P1263,PVC,,,,,,,,P1263,228.6380628,6,130,,0,0,P1263,-1,6,228.64,130,28.5,0.32,0.02,0.1,1,28.5,28.5,28.5,0.32,0.32,0.32,0.02,0.02,0.02,228.6380628,0
239,P1265,0,,,,,P1265,PVC,,,,,,,,P1265,62.34762834,6,130,,0,0,P1265,-1,6,62.35,130,6.64,0.08,0,0.01,1,6.64,6.64,6.64,0.08,0.08,0.08,0,0,0,62.34762834,0
240,P1267,0,,,,,P1267,PVC,,,,,,,,P1267,528.5272945,6,130,,0,0,P1267,-1,6,528.53,130,6.78,0.08,0,0.01,1,6.78,6.78,6.78,0.08,0.08,0.08,0,0,0,528.5272945,0
241,P1269,0,,,,,P1269,PVC,,,,,,,,P1269,455.5829548,6,130,,0,0,P1269,-1,6,455.58,130,6.78,0.08,0,0.01,1,6.78,6.78,6.78,0.08,0.08,0.08,0,0,0,455.5829548,0
242,P1271,0,,,,,P1271,PVC,,,,,,,,P1271,31.65826172,6,130,,0,0,P1271,-1,6,31.66,130,6.78,0.08,0,0.01,1,6.78,6.78,6.78,0.08,0.08,0.08,0,0,0,31.65826172,0
243,P1273,0,,,,,P1273,PVC,,,,,,,,P1273,425.8699075,2,130,,0,0,P1273,0,2,425.87,130,0,0,0,0,1,0,0,0,0,0,0,0,0,0,425.8699075,0
244,P1275,0,,,,,P1275,Galvanized Iron,,,,,,,,P1275,34.19632609,2,130,,0,0,P1275,1,2,34.2,130,5.17,0.53,0.03,0.91,1,5.17,5.17,5.17,0.53,0.53,0.53,0.03,0.03,0.03,34.19632609,0
245,P1277,0,,,,,P1277,Galvanized Iron,,,,,,,,P1277,216.6383419,2,130,,0,0,P1277,1,2,216.64,130,5.17,0.53,0.2,0.91,1,5.17,5.17,5.17,0.53,0.53,0.53,0.2,0.2,0.2,216.6383419,0
246,P1279,0,,,,,P1279,Galvanized Iron,,,,,,,,P1279,456.6983749,2,130,,0,0,P1279,1,2,456.7,130,4.62,0.47,0.34,0.74,1,4.62,4.62,4.62,0.47,0.47,0.47,0.34,0.34,0.34,456.6983749,0
247,P1281,0,,,,,P1281,PVC,,,,,,,,P1281,397.5574026,2,130,,0,0,P1281,1,2,397.56,130,0.28,0.03,0,0,1,0.28,0.28,0.28,0.03,0.03,0.03,0,0,0,397.5574026,0
248,P1283,0,,,,,P1283,PVC,,,,,,,,P1283,835.3463124,6,130,,0,0,P1283,-1,6,835.35,130,6.75,0.08,0.01,0.01,1,6.75,6.75,6.75,0.08,0.08,0.08,0.01,0.01,0.01,835.3463124,0
249,P1285,0,,,,,P1285,PVC,,,,,,,,P1285,964.168669,6,130,,0,0,P1285,-1,6,964.17,130,7.72,0.09,0.01,0.01,1,7.72,7.72,7.72,0.09,0.09,0.09,0.01,0.01,0.01,964.168669,0
250,P1287,0,,,,,P1287,Galvanized Iron,,,,,,,,P1287,341.4388884,3,130,,0,0,P1287,0,3,341.44,130,0,0,0,0,1,0,0,0,0,0,0,0,0,0,341.4388884,0
251,P1289,0,,,,,P1289,Galvanized Iron,,,,,,,,P1289,42.47741452,3,130,,0,0,P1289,0,3,42.48,130,0,0,0,0,1,0,0,0,0,0,0,0,0,0,42.47741452,0
252,P1291,0,,,,,P1291,Galvanized Iron,,,,,,,,P1291,34.79791079,1.5,130,,0,0,P1291,1,1.5,34.8,130,0.14,0.03,0,0.01,1,0.14,0.14,0.14,0.03,0.03,0.03,0,0,0,34.79791079,0
253,P1293,0,,,,,P1293,Galvanized Iron,,,,,,,,P1293,339.3425553,1.5,130,,0,0,P1293,1,1.5,339.34,130,0.14,0.03,0,0,1,0.14,0.14,0.14,0.03,0.03,0.03,0,0,0,339.3425553,0
254,P1295,0,,,,,P1295,Galvanized Iron,,,,,,,,P1295,91.16134977,1.5,130,,0,0,P1295,1,1.5,91.16,130,0.69,0.13,0.01,0.09,1,0.69,0.69,0.69,0.13,0.13,0.13,0.01,0.01,0.01,91.16134977,0
255,P1297,0,,,,,P1297,Galvanized Iron,,,,,,,,P1297,1702.058368,1.5,130,,0,0,P1297,1,1.5,1702.06,130,0.69,0.13,0.15,0.09,1,0.69,0.69,0.69,0.13,0.13,0.13,0.15,0.15,0.15,1702.058368,0
256,P1299,0,,,,,P1299,PVC,,,,,,,,P1299,39.32279715,6,130,,0,0,P1299,0,6,39.32,130,0,0,0,0,1,0,0,0,0,0,0,0,0,0,39.32279715,0
257,P1301,0,,,,,P1301,PVC,,,,,,,,P1301,953.2464122,6,130,,0,0,P1301,0,6,953.25,130,0,0,0,0,1,0,0,0,0,0,0,0,0,0,953.2464122,0
258,P1303,0,,,,,P1303,Cast Iron,,,,,,,,P1303,30.70525845,6,130,,0,0,P1303,-1,6,30.71,130,12.33,0.14,0,0.02,1,12.33,12.33,12.33,0.14,0.14,0.14,0,0,0,30.70525845,1
259,P1305,0,,,,,P1305,Cast Iron,,,,,,,,P1305,372.371862,6,130,,0,0,P1305,-1,6,372.37,130,12.33,0.14,0.01,0.02,1,12.33,12.33,12.33,0.14,0.14,0.14,0.01,0.01,0.01,372.371862,1
260,P1307,0,,,,,P1307,PVC,,,,,,,,P1307,422.5950389,2,130,,0,0,P1307,0,2,422.6,130,0,0,0,0,1,0,0,0,0,0,0,0,0,0,422.5950389,0
261,P1309,0,,,,,P1309,Cast iron,,,,,,,,P1309,25.22800321,8,130,,0,0,P1309,1,8,25.23,130,48.18,0.31,0,0.07,1,48.18,48.18,48.18,0.31,0.31,0.31,0,0,0,25.22800321,0
262,P1311,0,,,,,P1311,,,,,,,,,P1311,180,8,130,0,0,0,P1311,-1,8,180,130,48.18,0.31,0.01,0.07,1,48.18,48.18,48.18,0.31,0.31,0.31,0.01,0.01,0.01,170.8754544,0
263,P1313,0,,,,,P1313,Cast Iron,,,,,,,,P1313,125.4573384,6,130,,0,0,P1313,0,6,125.46,130,0,0,0,0,1,0,0,0,0,0,0,0,0,0,125.4573384,0
264,P1315,0,,,,,P1315,Ductile Iron,,,,,,,,P1315,172.4636964,8,130,,0,0,P1315,0,8,172.46,130,0,0,0,0,1,0,0,0,0,0,0,0,0,0,172.4636964,0
265,P1317,0,,,,,P1317,Ductile Iron,,,,,,,,P1317,135.5656136,6,130,,0,0,P1317,0,6,135.57,130,0,0,0,0,1,0,0,0,0,0,0,0,0,0,135.5656136,0
266,P1319,0,,,,,P1319,Asbestos Cement,,,,,,,,P1319,39.56140711,6,130,,0,0,P1319,1,6,39.56,130,1.11,0.01,0,0,1,1.11,1.11,1.11,0.01,0.01,0.01,0,0,0,39.56140711,0
267,P1321,0,,,,,P1321,Asbestos Cement,,,,,,,,P1321,373.1850341,6,130,,0,0,P1321,1,6,373.19,130,1.11,0.01,0,0,1,1.11,1.11,1.11,0.01,0.01,0.01,0,0,0,373.1850341,0
268,P1323,0,,,,,P1323,Asbestos Cement,,,,,,,,P1323,214.5075515,6,130,,0,0,P1323,1,6,214.51,130,0.14,0,0,0,1,0.14,0.14,0.14,0,0,0,0,0,0,214.5075515,0
269,P1325,0,,,,,P1325,Asbestos Cement,,,,,,,,P1325,493.6419591,6,130,,0,0,P1325,0,6,493.64,130,0,0,0,0,1,0,0,0,0,0,0,0,0,0,493.6419591,0
270,P1327,0,,,,,P1327,Ductile Iron,,,,,,,,P1327,887.9472107,6,130,,0,0,P1327,1,6,887.95,130,1.25,0.01,0,0,1,1.25,1.25,1.25,0.01,0.01,0.01,0,0,0,887.9472107,0
271,P1329,0,,,,,P1329,Ductile Iron,,,,,,,,P1329,58.09593259,6,130,,0,0,P1329,1,6,58.1,130,2.78,0.03,0,0,1,2.78,2.78,2.78,0.03,0.03,0.03,0,0,0,58.09593259,0
272,P1331,0,,,,,P1331,Ductile Iron,,,,,,,,P1331,334.6827904,6,130,,0,0,P1331,1,6,334.68,130,2.78,0.03,0,0,1,2.78,2.78,2.78,0.03,0.03,0.03,0,0,0,334.6827904,0
273,P1333,0,,,,,P1333,Ductile Iron,,,,,,,,P1333,129.4034125,6,130,,0,0,P1333,0,6,129.4,130,0,0,0,0,1,0,0,0,0,0,0,0,0,0,129.4034125,0
274,P1335,0,,,,,P1335,Ductile Iron,,,,,,,,P1335,246.0534467,6,130,,0,0,P1335,1,6,246.05,130,0.14,0,0,0,1,0.14,0.14,0.14,0,0,0,0,0,0,246.0534467,0
275,P1337,0,,,,,P1337,Ductile Iron,,,,,,,,P1337,920.0333158,6,130,,0,0,P1337,-1,6,920.03,130,0.49,0.01,0,0,1,0.49,0.49,0.49,0.01,0.01,0.01,0,0,0,920.0333158,0
276,P1339,0,,,,,P1339,Ductile Iron,,,,,,,,P1339,222.7499802,6,130,,0,0,P1339,-1,6,222.75,130,1.53,0.02,0,0,1,1.53,1.53,1.53,0.02,0.02,0.02,0,0,0,222.7499802,0
277,P1341,0,,,,,P1341,Ductile Iron,,,,,,,,P1341,507.5686711,6,130,,0,0,P1341,-1,6,507.57,130,4.42,0.05,0,0,1,4.42,4.42,4.42,0.05,0.05,0.05,0,0,0,507.5686711,0
278,P1343,0,,,,,P1343,Ductile Iron,,,,,,,,P1343,1378.99118,6,130,,0,0,P1343,-1,6,1378.99,130,8.46,0.1,0.01,0.01,1,8.46,8.46,8.46,0.1,0.1,0.1,0.01,0.01,0.01,1378.99118,0
279,P1345,0,,,,,P1345,Ductile Iron,,,,,,,,P1345,822.0028751,6,130,,0,0,P1345,-1,6,822,130,6.18,0.07,0,0.01,1,6.18,6.18,6.18,0.07,0.07,0.07,0,0,0,822.0028751,0
280,P1347,0,,,,,P1347,Ductile Iron,,,,,,,,P1347,1363.41445,6,130,,0,0,P1347,-1,6,1363.41,130,5.06,0.06,0.01,0,1,5.06,5.06,5.06,0.06,0.06,0.06,0.01,0.01,0.01,1363.41445,0
281,P1349,0,,,,,P1349,Ductile Iron,,,,,,,,P1349,36.23328904,6,130,,0,0,P1349,-1,6,36.23,130,5.06,0.06,0,0,1,5.06,5.06,5.06,0.06,0.06,0.06,0,0,0,36.23328904,0
282,P1351,0,,,,,P1351,Ductile Iron,,,,,,,,P1351,29.5463434,6,130,,0,0,P1351,1,6,29.55,130,4.18,0.05,0,0,1,4.18,4.18,4.18,0.05,0.05,0.05,0,0,0,29.5463434,0
283,P1353,0,,,,,P1353,Ductile Iron,,,,,,,,P1353,1946.253818,6,130,,0,0,P1353,1,6,1946.25,130,4.18,0.05,0.01,0,1,4.18,4.18,4.18,0.05,0.05,0.05,0.01,0.01,0.01,1946.253818,0
284,P1355,0,,,,,P1355,Ductile Iron,,,,,,,,P1355,1343.53617,6,130,,0,0,P1355,1,6,1343.54,130,2.65,0.03,0,0,1,2.65,2.65,2.65,0.03,0.03,0.03,0,0,0,1343.53617,0
285,P1357,0,,,,,P1357,Ductile Iron,,,,,,,,P1357,751.3696781,6,130,,0,0,P1357,-1,6,751.37,130,0.53,0.01,0,0,1,0.53,0.53,0.53,0.01,0.01,0.01,0,0,0,751.3696781,0
286,P1359,0,,,,,P1359,Ductile Iron,,,,,,,,P1359,146.1729689,6,130,,0,0,P1359,1,6,146.17,130,2.36,0.03,0,0,1,2.36,2.36,2.36,0.03,0.03,0.03,0,0,0,146.1729689,0
287,P1361,0,,,,,P1361,Ductile Iron,,,,,,,,P1361,1160.395835,6,130,,0,0,P1361,1,6,1160.4,130,0.62,0.01,0,0,1,0.62,0.62,0.62,0.01,0.01,0.01,0,0,0,1160.395835,0
288,P1363,0,,,,,P1363,Ductile Iron,,,,,,,,P1363,143.0000988,6,130,,0,0,P1363,-1,6,143,130,2.09,0.02,0,0,1,2.09,2.09,2.09,0.02,0.02,0.02,0,0,0,143.0000988,0
289,P1365,0,,,,,P1365,Ductile Iron,,,,,,,,P1365,103.751345,6,130,,0,0,P1365,1,6,103.75,130,0.14,0,0,0,1,0.14,0.14,0.14,0,0,0,0,0,0,103.751345,0
290,P1367,0,,,,,P1367,Ductile Iron,,,,,,,,P1367,404.668168,6,130,,0,0,P1367,-1,6,404.67,130,2.51,0.03,0,0,1,2.51,2.51,2.51,0.03,0.03,0.03,0,0,0,404.668168,0
291,P1369,0,,,,,P1369,Ductile Iron,,,,,,,,P1369,206.1074535,6,130,,0,0,P1369,-1,6,206.11,130,21.46,0.24,0.01,0.06,1,21.46,21.46,21.46,0.24,0.24,0.24,0.01,0.01,0.01,206.1074535,0
292,P1371,0,,,,,P1371,Ductile Iron,,,,,,,,P1371,37.91739039,6,130,,0,0,P1371,-1,6,37.92,130,21.46,0.24,0,0.06,1,21.46,21.46,21.46,0.24,0.24,0.24,0,0,0,37.91739039,0
293,P1373,0,,,,,P1373,Ductile Iron,,,,,,,,P1373,163.4971707,6,130,,0,0,P1373,-1,6,163.5,130,21.46,0.24,0.01,0.06,1,21.46,21.46,21.46,0.24,0.24,0.24,0.01,0.01,0.01,163.4971707,0
294,P1375,0,,,,,P1375,Ductile Iron,,,,,,,,P1375,161.6861837,6,130,,0,0,P1375,-1,6,161.69,130,21.46,0.24,0.01,0.06,1,21.46,21.46,21.46,0.24,0.24,0.24,0.01,0.01,0.01,161.6861837,0
295,P1377,0,,,,,P1377,Ductile Iron,,,,,,,,P1377,927.2119055,6,130,,0,0,P1377,-1,6,927.21,130,5.75,0.07,0,0.01,1,5.75,5.75,5.75,0.07,0.07,0.07,0,0,0,927.2119055,0
296,P1379,0,,,,,P1379,Ductile Iron,,,,,,,,P1379,17.54720407,6,130,,0,0,P1379,-1,6,17.55,130,5.75,0.07,0,0,1,5.75,5.75,5.75,0.07,0.07,0.07,0,0,0,17.54720407,0
297,P1381,0,,,,,P1381,Ductile Iron,,,,,,,,P1381,194.2323653,6,130,,0,0,P1381,1,6,194.23,130,7.47,0.08,0,0.01,1,7.47,7.47,7.47,0.08,0.08,0.08,0,0,0,194.2323653,0
298,P1383,0,,,,,P1383,Ductile Iron,,,,,,,,P1383,36.3154871,6,130,,0,0,P1383,1,6,36.32,130,7.47,0.08,0,0.01,1,7.47,7.47,7.47,0.08,0.08,0.08,0,0,0,36.3154871,0
299,P1385,0,,,,,P1385,Ductile Iron,,,,,,,,P1385,172.9250485,6,130,,0,0,P1385,1,6,172.93,130,7.47,0.08,0,0.01,1,7.47,7.47,7.47,0.08,0.08,0.08,0,0,0,172.9250485,0
300,P1387,0,,,,,P1387,Ductile Iron,,,,,,,,P1387,22.91420264,6,130,,0,0,P1387,1,6,22.91,130,7.47,0.08,0,0.01,1,7.47,7.47,7.47,0.08,0.08,0.08,0,0,0,22.91420264,0
301,P1389,0,,,,,P1389,Ductile Iron,,,,,,,,P1389,188.7507407,6,130,,0,0,P1389,1,6,188.75,130,7.47,0.08,0,0.01,1,7.47,7.47,7.47,0.08,0.08,0.08,0,0,0,188.7507407,0
302,P1391,0,,,,,P1391,Ductile Iron,,,,,,,,P1391,889.7215058,6,130,,0,0,P1391,1,6,889.72,130,4.13,0.05,0,0,1,4.13,4.13,4.13,0.05,0.05,0.05,0,0,0,889.7215058,0
303,P1393,0,,,,,P1393,Ductile Iron,,,,,,,,P1393,37.87647067,6,130,,0,0,P1393,1,6,37.88,130,7.33,0.08,0,0.01,1,7.33,7.33,7.33,0.08,0.08,0.08,0,0,0,37.87647067,0
304,P1395,0,,,,,P1395,Ductile Iron,,,,,,,,P1395,910.8566616,6,130,,0,0,P1395,1,6,910.86,130,7.33,0.08,0.01,0.01,1,7.33,7.33,7.33,0.08,0.08,0.08,0.01,0.01,0.01,910.8566616,0
305,P1397,0,,,,,P1397,Ductile Iron,,,,,,,,P1397,496.5581801,6,130,,0,0,P1397,1,6,496.56,130,6.91,0.08,0,0.01,1,6.91,6.91,6.91,0.08,0.08,0.08,0,0,0,496.5581801,0
306,P1399,0,,,,,P1399,Ductile Iron,,,,,,,,P1399,24.59281066,6,130,,0,0,P1399,1,6,24.59,130,4.83,0.05,0,0,1,4.83,4.83,4.83,0.05,0.05,0.05,0,0,0,24.59281066,0
307,P1401,0,,,,,P1401,Ductile Iron,,,,,,,,P1401,34.09885143,6,130,,0,0,P1401,1,6,34.1,130,4.83,0.05,0,0,1,4.83,4.83,4.83,0.05,0.05,0.05,0,0,0,34.09885143,0
308,P1403,0,,,,,P1403,Ductile Iron,,,,,,,,P1403,737.6005876,6,130,,0,0,P1403,-1,6,737.6,130,0.17,0,0,0,1,0.17,0.17,0.17,0,0,0,0,0,0,737.6005876,0
309,P1405,0,,,,,P1405,Ductile Iron,,,,,,,,P1405,11.06622537,6,130,,0,0,P1405,-1,6,11.07,130,0.87,0.01,0,0,1,0.87,0.87,0.87,0.01,0.01,0.01,0,0,0,11.06622537,0
310,P1407,0,,,,,P1407,Ductile Iron,,,,,,,,P1407,9.185424862,6,130,,0,0,P1407,-1,6,9.19,130,0.87,0.01,0,0,1,0.87,0.87,0.87,0.01,0.01,0.01,0,0,0,9.185424862,0
311,P1409,0,,,,,P1409,Ductile Iron,,,,,,,,P1409,15.08802707,6,130,,0,0,P1409,0,6,15.09,130,0,0,0,0,1,0,0,0,0,0,0,0,0,0,15.08802707,0
312,P1411,0,,,,,P1411,Ductile Iron,,,,,,,,P1411,563.6466089,6,130,,0,0,P1411,0,6,563.65,130,0,0,0,0,1,0,0,0,0,0,0,0,0,0,563.6466089,0
313,P1413,0,,,,,P1413,Ductile Iron,,,,,,,,P1413,40.28210035,6,130,,0,0,P1413,0,6,40.28,130,0,0,0,0,1,0,0,0,0,0,0,0,0,0,40.28210035,0
314,P1415,0,,,,,P1415,Ductile Iron,,,,,,,,P1415,360.431286,6,130,,0,0,P1415,0,6,360.43,130,0,0,0,0,1,0,0,0,0,0,0,0,0,0,360.431286,0
315,P1417,0,,,,,P1417,Ductile Iron,,,,,,,,P1417,357.905995,6,130,,0,0,P1417,0,6,357.91,130,0,0,0,0,1,0,0,0,0,0,0,0,0,0,357.905995,0
316,P1419,0,,,,,P1419,Ductile Iron,,,,,,,,P1419,181.9315606,6,130,,0,0,P1419,1,6,181.93,130,3.34,0.04,0,0,1,3.34,3.34,3.34,0.04,0.04,0.04,0,0,0,181.9315606,0
317,P1421,0,,,,,P1421,Ductile Iron,,,,,,,,P1421,1055.905539,6,130,,0,0,P1421,1,6,1055.91,130,3.34,0.04,0,0,1,3.34,3.34,3.34,0.04,0.04,0.04,0,0,0,1055.905539,0
318,P1423,0,,,,,P1423,Ductile Iron,,,,,,,,P1423,94.13367377,6,130,,0,0,P1423,1,6,94.13,130,3.2,0.04,0,0,1,3.2,3.2,3.2,0.04,0.04,0.04,0,0,0,94.13367377,0
319,P1425,0,,,,,P1425,Ductile Iron,,,,,,,,P1425,39.83070138,6,130,,0,0,P1425,-1,6,39.83,130,13.23,0.15,0,0.02,1,13.23,13.23,13.23,0.15,0.15,0.15,0,0,0,39.83070138,0
320,P1427,0,,,,,P1427,Ductile Iron,,,,,,,,P1427,309.8130105,6,130,,0,0,P1427,-1,6,309.81,130,13.23,0.15,0.01,0.02,1,13.23,13.23,13.23,0.15,0.15,0.15,0.01,0.01,0.01,309.8130105,0
321,P1429,0,,,,,P1429,Ductile Iron,,,,,,,,P1429,153.6994018,6,130,,0,0,P1429,-1,6,153.7,130,28.5,0.32,0.02,0.1,1,28.5,28.5,28.5,0.32,0.32,0.32,0.02,0.02,0.02,153.6994018,0
322,P1431,0,,,,,P1431,Ductile Iron,,,,,,,,P1431,87.37139658,6,130,,0,0,P1431,1,6,87.37,130,4.48,0.05,0,0,1,4.48,4.48,4.48,0.05,0.05,0.05,0,0,0,87.37139658,0
323,P1433,0,,,,,P1433,Ductile Iron,,,,,,,,P1433,707.8097568,6,130,,0,0,P1433,1,6,707.81,130,4.48,0.05,0,0,1,4.48,4.48,4.48,0.05,0.05,0.05,0,0,0,707.8097568,0
324,P1435,0,,,,,P1435,Ductile Iron,,,,,,,,P1435,178.9961566,6,130,,0,0,P1435,1,6,179,130,3.37,0.04,0,0,1,3.37,3.37,3.37,0.04,0.04,0.04,0,0,0,178.9961566,0
325,P1437,0,,,,,P1437,Ductile Iron,,,,,,,,P1437,39.82207674,6,130,,0,0,P1437,1,6,39.82,130,0.56,0.01,0,0,1,0.56,0.56,0.56,0.01,0.01,0.01,0,0,0,39.82207674,0
326,P1439,0,,,,,P1439,Ductile Iron,,,,,,,,P1439,325.1732085,6,130,,0,0,P1439,1,6,325.17,130,0.56,0.01,0,0,1,0.56,0.56,0.56,0.01,0.01,0.01,0,0,0,325.1732085,0
327,P1441,0,,,,,P1441,Ductile Iron,,,,,,,,P1441,295.6924926,6,130,,0,0,P1441,-1,6,295.69,130,32.84,0.37,0.04,0.13,1,32.84,32.84,32.84,0.37,0.37,0.37,0.04,0.04,0.04,295.6924926,1
328,P1443,0,,,,,P1443,Ductile Iron,,,,,,,,P1443,76.75829117,6,130,,0,0,P1443,-1,6,76.76,130,32.84,0.37,0.01,0.13,1,32.84,32.84,32.84,0.37,0.37,0.37,0.01,0.01,0.01,76.75829117,1
329,P1445,0,,,,,P1445,Ductile Iron,,,,,,,,P1445,675.1336867,6,130,,0,0,P1445,-1,6,675.13,130,32.98,0.37,0.09,0.13,1,32.98,32.98,32.98,0.37,0.37,0.37,0.09,0.09,0.09,675.1336867,1
330,P1447,0,,,,,P1447,Ductile Iron,,,,,,,,P1447,679.975015,6,130,,0,0,P1447,-1,6,679.98,130,32.98,0.37,0.09,0.13,1,32.98,32.98,32.98,0.37,0.37,0.37,0.09,0.09,0.09,679.975015,1
331,P1449,0,,,,,P1449,Ductile Iron,,,,,,,,P1449,516.1322743,6,130,,0,0,P1449,-1,6,516.13,130,32.98,0.37,0.07,0.13,1,32.98,32.98,32.98,0.37,0.37,0.37,0.07,0.07,0.07,516.1322743,1
332,P1451,0,,,,,P1451,Ductile Iron,,,,,,,,P1451,585.8657787,6,130,,0,0,P1451,-1,6,585.87,130,32.98,0.37,0.08,0.13,1,32.98,32.98,32.98,0.37,0.37,0.37,0.08,0.08,0.08,585.8657787,1
333,P1453,0,,,,,P1453,Ductile Iron,,,,,,,,P1453,122.2416235,6,130,,0,0,P1453,-1,6,122.24,130,21.2,0.24,0.01,0.06,1,21.2,21.2,21.2,0.24,0.24,0.24,0.01,0.01,0.01,122.2416235,1
334,P1455,0,,,,,P1455,Ductile Iron,,,,,,,,P1455,282.1254682,6,130,,0,0,P1455,-1,6,282.13,130,21.2,0.24,0.02,0.06,1,21.2,21.2,21.2,0.24,0.24,0.24,0.02,0.02,0.02,282.1254682,1
335,P1457,0,,,,,P1457,Ductile Iron,,,,,,,,P1457,2327.229652,6,130,,0,0,P1457,-1,6,2327.23,130,11.78,0.13,0.05,0.02,1,11.78,11.78,11.78,0.13,0.13,0.13,0.05,0.05,0.05,2327.229652,0
336,P1459,0,,,,,P1459,Ductile Iron,,,,,,,,P1459,28.68715262,6,130,,0,0,P1459,-1,6,28.69,130,5.7,0.06,0,0,1,5.7,5.7,5.7,0.06,0.06,0.06,0,0,0,28.68715262,0
337,P1461,0,,,,,P1461,Ductile Iron,,,,,,,,P1461,192.7225832,6,130,,0,0,P1461,-1,6,192.72,130,5.7,0.06,0,0.01,1,5.7,5.7,5.7,0.06,0.06,0.06,0,0,0,192.7225832,0
338,P1463,0,,,,,P1463,Ductile Iron,,,,,,,,P1463,316.4482271,6,130,,0,0,P1463,-1,6,316.45,130,5.7,0.06,0,0.01,1,5.7,5.7,5.7,0.06,0.06,0.06,0,0,0,316.4482271,0
339,P1465,0,,,,,P1465,Ductile Iron,,,,,,,,P1465,442.942444,6,130,,0,0,P1465,-1,6,442.94,130,5.7,0.06,0,0.01,1,5.7,5.7,5.7,0.06,0.06,0.06,0,0,0,442.942444,0
340,P1467,0,,,,,P1467,Ductile Iron,,,,,,,,P1467,117.7507131,6,130,,0,0,P1467,-1,6,117.75,130,5.7,0.06,0,0.01,1,5.7,5.7,5.7,0.06,0.06,0.06,0,0,0,117.7507131,0
341,P1469,0,,,,,P1469,Ductile Iron,,,,,,,,P1469,221.1501187,6,130,,0,0,P1469,0,6,221.15,130,0,0,0,0,1,0,0,0,0,0,0,0,0,0,221.1501187,0
342,P1471,0,,,,,P1471,Ductile Iron,,,,,,,,P1471,62.02162427,6,130,,0,0,P1471,0,6,62.02,130,0,0,0,0,1,0,0,0,0,0,0,0,0,0,62.02162427,0
343,P1473,0,,,,,P1473,Ductile Iron,,,,,,,,P1473,251.7074669,6,130,,0,0,P1473,-1,6,251.71,130,5.7,0.06,0,0.01,1,5.7,5.7,5.7,0.06,0.06,0.06,0,0,0,251.7074669,0
344,P1475,0,,,,,P1475,Ductile Iron,,,,,,,,P1475,278.8330744,6,130,,0,0,P1475,-1,6,278.83,130,5.7,0.06,0,0.01,1,5.7,5.7,5.7,0.06,0.06,0.06,0,0,0,278.8330744,0
345,P1477,0,,,,,P1477,Ductile Iron,,,,,,,,P1477,268.1853779,6,130,,0,0,P1477,0,6,268.19,130,0,0,0,0,1,0,0,0,0,0,0,0,0,0,268.1853779,0
346,P1479,0,,,,,P1479,Ductile Iron,,,,,,,,P1479,22.66287931,6,130,,0,0,P1479,-1,6,22.66,130,17.87,0.2,0,0.04,1,17.87,17.87,17.87,0.2,0.2,0.2,0,0,0,22.66287931,0
347,P1481,0,,,,,P1481,Ductile Iron,,,,,,,,P1481,482.2034507,6,130,,0,0,P1481,-1,6,482.2,130,17.87,0.2,0.02,0.04,1,17.87,17.87,17.87,0.2,0.2,0.2,0.02,0.02,0.02,482.2034507,0
348,P1483,0,,,,,P1483,Ductile Iron,,,,,,,,P1483,339.374716,6,130,,0,0,P1483,-1,6,339.37,130,17.87,0.2,0.01,0.04,1,17.87,17.87,17.87,0.2,0.2,0.2,0.01,0.01,0.01,339.374716,0
349,P1485,0,,,,,P1485,Ductile Iron,,,,,,,,P1485,34.96995781,6,130,,0,0,P1485,-1,6,34.97,130,17.41,0.2,0,0.04,1,17.41,17.41,17.41,0.2,0.2,0.2,0,0,0,34.96995781,0
350,P1487,0,,,,,P1487,Ductile Iron,,,,,,,,P1487,630.8574088,6,130,,0,0,P1487,-1,6,630.86,130,17.41,0.2,0.03,0.04,1,17.41,17.41,17.41,0.2,0.2,0.2,0.03,0.03,0.03,630.8574088,0
351,P1489,0,,,,,P1489,Ductile Iron,,,,,,,,P1489,32.06069486,6,130,,0,0,P1489,-1,6,32.06,130,17.41,0.2,0,0.04,1,17.41,17.41,17.41,0.2,0.2,0.2,0,0,0,32.06069486,0
352,P1491,0,,,,,P1491,Ductile Iron,,,,,,,,P1491,52.68460126,6,130,,0,0,P1491,0,6,52.68,130,0,0,0,0,1,0,0,0,0,0,0,0,0,0,52.68460126,0
353,P1493,0,,,,,P1493,Ductile Iron,,,,,,,,P1493,1053.340851,6,130,,0,0,P1493,0,6,1053.34,130,0,0,0,0,1,0,0,0,0,0,0,0,0,0,1053.340851,0
354,P1495,0,,,,,P1495,Ductile Iron,,,,,,,,P1495,754.2106641,6,130,,0,0,P1495,-1,6,754.21,130,1.53,0.02,0,0,1,1.53,1.53,1.53,0.02,0.02,0.02,0,0,0,754.2106641,0
355,P1497,0,,,,,P1497,Ductile Iron,,,,,,,,P1497,25.70102266,6,130,,0,0,P1497,-1,6,25.7,130,1.53,0.02,0,0,1,1.53,1.53,1.53,0.02,0.02,0.02,0,0,0,25.70102266,0
356,P1499,0,,,,,P1499,,,,,,,,,P1499,9.8,6,130,0,0,0,P1499,-1,6,9.8,130,0.87,0.01,0,0,1,0.87,0.87,0.87,0.01,0.01,0.01,0,0,0,11.11697057,0
357,P1503,0,,,,,P1503,Ductile Iron,,,,,,,,P1503,1047.162738,6,130,,0,0,P1503,-1,6,1047.16,130,0.87,0.01,0,0,1,0.87,0.87,0.87,0.01,0.01,0.01,0,0,0,1047.162738,0
358,P1505,0,,,,,P1505,Ductile Iron,,,,,,,,P1505,579.1829317,6,130,,0,0,P1505,-1,6,579.18,130,2.67,0.03,0,0,1,2.67,2.67,2.67,0.03,0.03,0.03,0,0,0,579.1829317,0
359,P1507,0,,,,,P1507,Ductile Iron,,,,,,,,P1507,41.57310585,6,130,,0,0,P1507,-1,6,41.57,130,29.5,0.33,0,0.11,1,29.5,29.5,29.5,0.33,0.33,0.33,0,0,0,41.57310585,0
360,P1509,0,,,,,P1509,Ductile Iron,,,,,,,,P1509,108.0467795,6,130,,0,0,P1509,-1,6,108.05,130,29.5,0.33,0.01,0.11,1,29.5,29.5,29.5,0.33,0.33,0.33,0.01,0.01,0.01,108.0467795,0
361,P1511,0,,,,,P1511,Ductile Iron,,,,,,,,P1511,261.9393925,6,130,,0,0,P1511,-1,6,261.94,130,29.5,0.33,0.03,0.11,1,29.5,29.5,29.5,0.33,0.33,0.33,0.03,0.03,0.03,261.9393925,0
362,P1513,0,,,,,P1513,Ductile Iron,,,,,,,,P1513,603.0410659,6,130,,0,0,P1513,-1,6,603.04,130,29.5,0.33,0.07,0.11,1,29.5,29.5,29.5,0.33,0.33,0.33,0.07,0.07,0.07,603.0410659,0
363,P1515,0,,,,,P1515,Ductile Iron,,,,,,,,P1515,2548.44656,6,130,,0,0,P1515,-1,6,2548.45,130,3.69,0.04,0.01,0,1,3.69,3.69,3.69,0.04,0.04,0.04,0.01,0.01,0.01,2548.44656,0
364,P1517,0,,,,,P1517,Ductile Iron,,,,,,,,P1517,4148.842081,6,130,,0,0,P1517,-1,6,4148.84,130,15.47,0.18,0.14,0.03,1,15.47,15.47,15.47,0.18,0.18,0.18,0.14,0.14,0.14,4148.842081,0
365,P1519,0,,,,,P1519,Ductile Iron,,,,,,,,P1519,403.303961,6,130,,0,0,P1519,-1,6,403.3,130,15.47,0.18,0.01,0.03,1,15.47,15.47,15.47,0.18,0.18,0.18,0.01,0.01,0.01,403.303961,0
366,P1521,0,,,,,P1521,Ductile Iron,,,,,,,,P1521,2366.177441,6,130,,0,0,P1521,1,6,2366.18,130,21.2,0.24,0.14,0.06,1,21.2,21.2,21.2,0.24,0.24,0.24,0.14,0.14,0.14,2366.177441,1
367,P1523,0,,,,,P1523,Ductile Iron,,,,,,,,P1523,554.1915288,6,130,,0,0,P1523,1,6,554.19,130,21.2,0.24,0.03,0.06,1,21.2,21.2,21.2,0.24,0.24,0.24,0.03,0.03,0.03,554.1915288,1
368,P1525,0,,,,,P1525,Ductile Iron,,,,,,,,P1525,378.2238392,6,130,,0,0,P1525,0,6,378.22,130,0,0,0,0,1,0,0,0,0,0,0,0,0,0,378.2238392,0
369,P1527,0,,,,,P1527,Ductile Iron,,,,,,,,P1527,1513.802818,6,130,,0,0,P1527,-1,6,1513.8,130,36.67,0.42,0.25,0.16,1,36.67,36.67,36.67,0.42,0.42,0.42,0.25,0.25,0.25,1513.802818,0
370,P1529,0,,,,,P1529,Ductile Iron,,,,,,,,P1529,846.7260223,6,130,,0,0,P1529,0,6,846.73,130,0,0,0,0,1,0,0,0,0,0,0,0,0,0,846.7260223,0
371,P1531,0,,,,,P1531,Ductile Iron,,,,,,,,P1531,547.9230252,6,130,,0,0,P1531,0,6,547.92,130,0,0,0,0,1,0,0,0,0,0,0,0,0,0,547.9230252,0
372,P1533,0,,,,,P1533,Ductile Iron,,,,,,,,P1533,178.6956353,6,130,,0,0,P1533,-1,6,178.7,130,25.81,0.29,0.02,0.09,1,25.81,25.81,25.81,0.29,0.29,0.29,0.02,0.02,0.02,178.6956353,0
373,P1535,0,,,,,P1535,Ductile Iron,,,,,,,,P1535,5347.609294,6,130,,0,0,P1535,-1,6,5347.61,130,26.37,0.3,0.47,0.09,1,26.37,26.37,26.37,0.3,0.3,0.3,0.47,0.47,0.47,5347.609294,0
374,P1537,0,,,,,P1537,PVC,,,,,,,,P1537,439.0536021,2,130,,0,0,P1537,0,2,439.05,130,0,0,0,0,1,0,0,0,0,0,0,0,0,0,439.0536021,0
375,P1539,0,,,,,P1539,Ductile Iron,,,,,,,,P1539,823.8513876,6,130,,0,0,P1539,0,6,823.85,130,0,0,0,0,1,0,0,0,0,0,0,0,0,0,823.8513876,0
376,P1541,0,,,,,P1541,Ductile Iron,,,,,,,,P1541,197.0727972,6,130,,0,0,P1541,-1,6,197.07,130,7.45,0.08,0,0.01,1,7.45,7.45,7.45,0.08,0.08,0.08,0,0,0,197.0727972,0
377,P1543,0,,,,,P1543,Galvanized Iron,,,,,,,,P1543,433.9023649,2,130,,0,0,P1543,1,2,433.9,130,1.18,0.12,0.03,0.06,1,1.18,1.18,1.18,0.12,0.12,0.12,0.03,0.03,0.03,433.9023649,0
378,P1545,0,,,,,P1545,Galvanized Iron,,,,,,,,P1545,29.97992281,2,130,,0,0,P1545,-1,2,29.98,130,1.47,0.15,0,0.09,1,1.47,1.47,1.47,0.15,0.15,0.15,0,0,0,29.97992281,0
379,P1547,0,,,,,P1547,Galvanized Iron,,,,,,,,P1547,295.0592761,2,130,,0,0,P1547,-1,2,295.06,130,1.47,0.15,0.03,0.09,1,1.47,1.47,1.47,0.15,0.15,0.15,0.03,0.03,0.03,295.0592761,0
380,P1549,0,,,,,P1549,Galvanized Iron,,,,,,,,P1549,207.2291682,2,130,,0,0,P1549,1,2,207.23,130,1.8,0.18,0.03,0.13,1,1.8,1.8,1.8,0.18,0.18,0.18,0.03,0.03,0.03,207.2291682,0
381,P1551,0,,,,,P1551,Galvanized Iron,,,,,,,,P1551,18.51216142,2,130,,0,0,P1551,1,2,18.51,130,1.8,0.18,0,0.13,1,1.8,1.8,1.8,0.18,0.18,0.18,0,0,0,18.51216142,0
382,P1553,0,,,,,P1553,Galvanized Iron,,,,,,,,P1553,147.9506559,2,130,,0,0,P1553,1,2,147.95,130,0.14,0.01,0,0,1,0.14,0.14,0.14,0.01,0.01,0.01,0,0,0,147.9506559,0
383,P1555,0,,,,,P1555,Ductile Iron,,,,,,,,P1555,16.65931746,6,130,,0,0,P1555,-1,6,16.66,130,34.6,0.39,0,0.15,1,34.6,34.6,34.6,0.39,0.39,0.39,0,0,0,16.65931746,0
384,P1557,0,,,,,P1557,Ductile Iron,,,,,,,,P1557,718.3100878,6,130,,0,0,P1557,-1,6,718.31,130,34.6,0.39,0.1,0.15,1,34.6,34.6,34.6,0.39,0.39,0.39,0.1,0.1,0.1,718.3100878,0
385,P1559,0,,,,,P1559,Ductile Iron,,,,,,,,P1559,46.0072856,6,130,,0,0,P1559,-1,6,46.01,130,34.6,0.39,0.01,0.15,1,34.6,34.6,34.6,0.39,0.39,0.39,0.01,0.01,0.01,46.0072856,0
386,P1561,0,,,,,P1561,Ductile Iron,,,,,,,,P1561,13.10681107,6,130,,0,0,P1561,-1,6,13.11,130,34.6,0.39,0,0.14,1,34.6,34.6,34.6,0.39,0.39,0.39,0,0,0,13.10681107,0
387,P_INTERCONNECTION,0,,,,,P_INTERCONNECTION,Water Authority Interconnection Pipe,,,,,,,,P_INTERCONNECTION,579,6,130,0,0,0,P_INTERCONNECTION,-1,6,579,130,36.81,0.42,0.09,0.16,1,36.81,36.81,36.81,0.42,0.42,0.42,0.09,0.09,0.09,579.7084383,0
388,P2337,0,,,,,P2337,RTE 33 Interconnect,,,,,,,,P2337,100,6,130,0,0,0,P2337,1,6,100,130,27.2,0.31,0.01,0.09,1,27.2,27.2,27.2,0.31,0.31,0.31,0.01,0.01,0.01,137.5537345,0
