Year,PipeID,Action,Cost,Priority_Score,Condition_Before
1,MH-5-052_MH-5-051,Lining,1019.4185057,71.25,1.0
1,MH-3-053_MH-3-052,Lining,8149.900772999999,71.25,1.0
2,MH-5-058_MH-5-057,Lining,6320.4170813,71.25,1.0
2,MH-3-050_MH-3-049,Lining,2979.9171241,71.25,1.0
3,MH-3-022_MH-3-012,Lining,8808.35025,71.25,1.0
3,MH-4-048_MH-4-047,Lining,417.05828227,0.26577226633645157,1.7934365183452479
4,MH-2-054_MH-2-053,Lining,6421.794637999999,71.25,1.0
4,MH-3-059_MH-3-053,Lining,2296.0900466,71.24999999999999,1.0
4,MH-3-040_MH-3-039,Repair,11154.002124999999,0.23056100143342267,2.5583174619388114
5,MH-2-051_MH-2-035,Lining,6800.7812691,71.25,1.0
5,MH-5-029_MH-5-028,Lining,2305.4725211,0.28518624690969646,1.3513611543448265
5,MH-1-002_MH-1-001,Repair,1008.64826825,0.20464347149523157,2.526274437022207
5,MH-3-037_MH-3-036,Repair,3955.8418935,0.18519774361068278,2.5570929261363773
5,MH-3-031_MH-3-030,Repair,2181.7805667000002,0.1730280604547565,2.5773571620906885
5,MH-3-038_MH-3-037,Repair,6999.252718500001,0.17175893330325276,2.579516540957726
5,MH-3-026_MH-3-025,Repair,3408.8544574000002,0.17009537392024182,2.5823606150151956
6,MH-3-020_MH-3-019,Lining,4896.050894,71.25,1.0
6,MH-4-056_MH-4-055,Lining,3365.1855216000004,71.25,1.0
6,MH-3-044_MH-3-043,Repair,4472.531889,0.16671587212002376,2.5333756358944246
6,MH-3-062_MH-3-061,Repair,4211.1633585,0.1637204581069427,2.539012920595498
6,MH-3-065_MH-3-001,Repair,3575.0257724999997,0.15875603925847664,2.54849382128356
6,MH-3-010_MH-3-009,Repair,2684.25391395,0.15749634401812398,2.550927500554818
6,MH-3-063_MH-3-062,Repair,664.2109852,0.15246038759293964,2.5607726932466974
6,MH-3-051_MH-3-050,Repair,5807.334743,0.15012299346818,2.565406525925522
6,MH-3-035_MH-3-032,Repair,6253.728096,0.14555864930636783,2.574576001235815
6,MH-1-027_MH-1-026,Repair,2510.01812705,0.14330229841659153,2.5791691374092545
6,MH-3-024_MH-3-023,Repair,10219.867721,0.1425313484991228,2.580747824713858
6,MH-3-054_MH-3-053,Repair,6595.811656,0.14250292450585916,2.580806120251351
7,MH-3-019_MH-3-018,Lining,5314.831666200001,71.25,1.0
7,MH-4-057_MH-4-056,Lining,3455.8652513,71.25,1.0
7,MH-1-018_MH-1-017,Repair,10287.671688,0.14342413549264127,2.532230900075025
7,MH-1-013_MH-1-012,Repair,8206.5314765,0.141377749625198,2.536708983375585
7,MH-3-041_MH-3-030,Repair,9303.651266,0.13418936698036185,2.55275507956094
7,MH-1-021_MH-1-020,Repair,11274.36695,0.13416161892592113,2.5528179954161545
7,MH-3-045_MH-3-044,Repair,5545.409177,0.1338549555780078,2.5535138327361944
7,MH-1-012_MH-1-011,Repair,498.18229195,0.13372692699595867,2.553804614160763
7,MH-3-023_MH-3-022,Repair,1367.2900507,0.13364417829150727,2.55399264182273
7,MH-1-017_MH-1-016,Repair,527.7418937,0.13249634896343696,2.556607888571585
7,MH-3-039_MH-3-038,Repair,5738.9472035,0.13142190435318798,2.559067949741364
7,MH-3-009_MH-3-008,Repair,1114.0308018,0.1286367658555025,2.565499662717268
7,MH-1-008_MH-1-007,Repair,5391.867915,0.1281006728211111,2.566746850013304
7,MH-1-016_MH-1-015,Repair,11230.065052499998,0.1274403407717185,2.568287193065958
7,MH-1-010_MH-1-009,Repair,3915.7367655000003,0.11933651331903453,2.5875709142135763
8,MH-3-018_MH-3-017,Lining,4931.942176,71.25,1.0
8,MH-2-052_MH-2-051,Lining,3699.5469959,71.24999999999999,1.0
8,MH-3-055_MH-3-054,Repair,8847.6645635,0.133598140264647,2.5124435937154956
8,MH-3-011_MH-3-010,Repair,7198.9498945000005,0.13032339745454097,2.520349478498773
8,MH-3-071_MH-3-070,Repair,9688.4785725,0.12607433320618358,2.5307931381289643
8,MH-3-067_MH-3-066,Repair,15256.4149255,0.12106466531666538,2.5433854640530424
8,MH-3-030_MH-3-028,Repair,7741.644988,0.1206899487467353,2.544339845560464
8,MH-3-068_MH-3-067,Repair,12490.168509,0.12052763211409416,2.544753805294236
8,MH-1-024_MH-1-022,Repair,11252.7588775,0.11756295419521823,2.552373651866073
8,MH-3-002_MH-3-001,Repair,2804.74876885,0.11403694748077335,2.561584747682024
9,MH-3-016_MH-3-015,Lining,7635.352109,71.25,1.0
9,MH-6-011_MH-6-010,Repair,12991.4089725,0.427345964919079,2.5644617177043862
9,MH-1-007_MH-1-006,Repair,6523.1983040000005,0.12261659013621987,2.5021384581531874
9,MH-3-033_MH-3-032,Repair,5265.1305315,0.12105264727844052,2.5062857348775136
9,MH-3-049_MH-3-042,Repair,7724.9526865,0.1200093771031575,2.5090712132638857
9,MH-1-004_MH-1-003,Repair,7081.126058999999,0.11879105273670043,2.51234348179552
9,MH-3-006_MH-3-005,Repair,13175.4282345,0.11852240097858191,2.5130678831119293
9,MH-3-025_MH-3-024,Repair,4696.487901,0.11552764089179289,2.521213431679939
9,MH-3-012_MH-3-010,Repair,11900.87598,0.11536725414695334,2.52165335741577
9,MH-1-014_MH-1-013,Repair,6271.07334,0.11274287886657594,2.5289059838686145
9,MH-3-013_MH-3-012,Repair,1344.0200585,0.10310195039646648,2.5564633160927652
10,MH-2-045_MH-2-044,Lining,8621.575543,71.25,1.0
10,MH-5-048_MH-5-047,Repair,15257.0771045,0.3268233072796352,2.5089841721705644
10,MH-1-003_MH-1-002,Repair,5716.6366075,0.11485201651209466,2.4891107633028025
10,MH-6-018_MH-6-017,Repair,6049.8320225,0.1127043892845457,2.4952904847048925
10,MH-1-026_MH-1-025,Repair,11208.6115925,0.10858141860808011,2.507369594818518
10,MH-3-058_MH-3-057,Repair,3571.698207,0.10844734692551312,2.507767247823142
10,MH-3-066_MH-3-065,Repair,12064.022453,0.10794928733169869,2.5092472058103117
10,MH-3-046_MH-3-045,Repair,14062.1975795,0.1050788947445701,2.517861204627399
10,MH-1-020_MH-1-016,Repair,8554.642369,0.10080709790717006,2.530955708064159
11,MH-4-044_MH-4-043,Lining,4527.8811011,71.25,1.0
11,MH-5-017_MH-5-016,Lining,4840.471664,7.673619945389074,1.0279949101212429
11,MH-4-049_MH-4-047,Repair,9378.347678,0.38337105544402206,2.5009937484115015
11,MH-5-060_MH-5-059,Repair,6554.5651535,0.3592835334271185,2.5456097061041576
11,MH-1-006_MH-1-005,Repair,7798.2719885,0.09955198184886399,2.504632262246769
11,MH-3-064_MH-3-062,Repair,12981.303272000001,0.0993248375605892,2.5053696051270467
11,MH-3-007_MH-3-006,Repair,8212.7618055,0.09652277034853321,2.514554479411252
11,MH-3-008_MH-3-007,Repair,6929.0529175,0.09561926527207261,2.5175517012101465
11,MH-1-015_MH-1-014,Repair,6439.2063085,0.09161348932131033,2.531055878512332
11,MH-1-019_MH-1-018,Repair,10659.776679999999,0.08016616273444649,2.571720793142145
12,MH-4-055_MH-4-054,Lining,5970.7688306,71.25,1.0
12,MH-1-023_MH-1-022,Lining,2685.4110198999997,0.42703692778960467,1.4099872369907045
12,MH-6-002_MH-6-001,Repair,12410.826288,0.4427932223890151,2.502874753923917
12,MH-5-019_MH-5-003,Repair,8621.987471999999,0.3259446514515724,2.566558991292868
12,MH-3-059_MH-3-053,Repair,1148.0450233,0.31399114568490827,2.5755738792353817
12,MH-4-048_MH-4-047,Repair,208.529141135,0.2949946041259053,2.5436057658408378
12,MH-3-053_MH-3-052,Repair,4074.9503864999997,0.22732735802025955,2.5781845288126313
12,MH-2-008_MH-2-006,Repair,7986.095407499999,0.21117944513273268,2.5704866551684855
12,MH-4-015_MH-4-013,Repair,7295.3810300000005,0.13397820191097543,2.5486159863712703
13,MH-5-027_MH-5-026,Lining,8075.1335070000005,71.25,1.0
13,MH-2-051_MH-2-035,Repair,3400.39063455,0.3597892622850853,2.4970604708390454
13,MH-2-054_MH-2-053,Repair,3210.8973189999997,0.2882812151427371,2.556891391859122
13,MH-4-004_MH-4-003,Repair,2116.6887938,0.2564269562163775,2.4948168266258914
14,MH-5-063_MH-5-062,Lining,9291.750713,71.25,1.0
14,MH-6-010_MH-6-009,Repair,12138.762041,0.362958377303156,2.536351317549186
14,MH-4-002_MH-4-001,Repair,10140.788948500001,0.3574052404035022,2.5479999420712205
14,MH-6-025_MH-6-024,Repair,8356.1647715,0.35642525849113155,2.5500793447347165
14,MH-6-007_MH-6-006,Repair,7486.984246,0.35564725600399494,2.5517353148486994
14,MH-5-006_MH-5-005,Repair,5186.549382,0.34729336278365397,2.5698092889384028
14,MH-5-051_MH-5-050,Repair,4272.7493095,0.2982186482828101,2.507843508997247
14,MH-3-022_MH-3-012,Repair,4404.175125,0.22700034139694125,2.579016020976588
14,MH-4-006_MH-4-005,Repair,11649.600129999999,0.19256203132769756,2.534783538427139
15,MH-3-032_MH-3-031,Lining,7647.922765,71.24999999999999,1.0
15,MH-6-024_MH-6-023,Repair,8710.150806,0.3562904114849505,2.4985668016728333
15,MH-5-002_MH-5-001,Repair,9964.7159885,0.347907401978247,2.516335121243664
15,MH-5-022_MH-5-021,Repair,7402.17037,0.34047200720308024,2.5325555269414206
15,MH-5-059_MH-5-056,Repair,4776.171631,0.32162622956657333,2.5757545028300166
15,MH-5-020_MH-5-019,Repair,8788.7981615,0.32064101076793594,2.578100114950141
15,MH-2-092_MH-2-091,Repair,9392.1432815,0.31795668214189554,2.584537170115966
15,MH-3-020_MH-3-019,Repair,2448.025447,0.30535873364247773,2.523693020198857
15,MH-6-016_MH-6-006,Repair,14853.5811725,0.27526615466049936,2.5154481806156825
15,MH-5-041_MH-5-040,Repair,1706.7808583,0.2613226776158886,2.5512864220162523
15,MH-5-052_MH-5-051,Repair,509.70925285,0.18828158019361046,2.5477520047874367
15,MH-4-027_MH-4-026,Repair,6377.200725000001,0.11298613667562295,2.5477469598408646
16,MH-5-010_MH-5-009,Lining,6941.067756,71.25,1.0
16,MH-5-008_MH-5-007,Lining,1895.9216738,0.13200996973145154,1.5049610461969098
16,MH-2-045_MH-2-044,Repair,4310.7877715,0.4686931398389514,2.510444466450808
16,MH-5-056_MH-5-051,Repair,1581.3617837499999,0.32009362848080725,2.530433537559014
16,MH-4-073_MH-4-072,Repair,8312.353252,0.31862015274244637,2.533907263882001
16,MH-4-051_MH-4-050,Repair,4535.0680025,0.3071627215027977,2.561629577102744
16,MH-5-053_MH-5-052,Repair,703.8759035,0.30414800180164697,2.5691412353697998
16,MH-4-057_MH-4-056,Repair,1727.93262565,0.2984154923032225,2.53695459865002
16,MH-4-043_MH-4-004,Repair,9374.308699,0.280272242955744,2.536483449922553
16,MH-4-003_MH-4-002,Repair,8341.255713,0.2756311989099701,2.503804049965902
16,MH-5-050_MH-5-039,Repair,13022.435286,0.26965606770891826,2.5646501339746535
16,MH-5-057_MH-5-056,Repair,3878.4314485,0.265684222386256,2.495532255846383
16,MH-5-024_MH-5-022,Repair,1581.1918041499998,0.2592893925429691,2.583502188194527
16,MH-2-079_MH-2-078,Repair,14109.728598000002,0.24984545869406607,2.547923944117464
16,MH-4-022_MH-4-021,Repair,3313.2490415499997,0.1632333875482135,2.553076683185719
17,MH-2-067_MH-2-066,Lining,5269.2217214,71.24999999999999,1.0
17,MH-5-042_MH-5-041,Lining,3926.2526177,0.6550310643785541,1.261485453999457
17,MH-6-011_MH-6-010,Repair,12991.4089725,0.44358254645568457,2.521361367697559
17,MH-5-044_MH-5-041,Repair,12368.913322499999,0.31557678656241667,2.495727475891511
17,MH-5-001_MH-6-019,Repair,3814.1396125,0.31441403197077467,2.498471833161472
17,MH-6-012_MH-6-011,Repair,10306.3945355,0.24963578451772933,2.4966792521464174
17,MH-2-080_MH-2-079,Repair,13772.7695245,0.2461749431153251,2.5520517376218455
17,MH-5-049_MH-5-045,Repair,10794.307881,0.23202182992980883,2.5469672657908857
17,MH-4-012_MH-4-011,Repair,9756.8969435,0.16254395562175508,2.52055214672076
18,MH-6-020_MH-6-019,Lining,6452.7523347,71.24999999999999,1.0
18,MH-2-084_MH-2-083,Repair,14029.420594,0.28097956146132136,2.539891091991912
18,MH-2-085_MH-2-084,Repair,13479.8536915,0.2586054487065623,2.518964634179648
18,MH-4-014_MH-4-013,Repair,9121.158725,0.1542138004983055,2.517930450126399
18,MH-4-009_MH-4-008,Repair,11024.246121,0.14744796677169855,2.5437987821248953
18,MH-4-079_MH-4-007,Repair,482.65428925,0.14522374282536663,2.552570127279939
18,MH-4-076_MH-4-075,Repair,13997.169704,0.14487934909995984,2.553940538148394
18,MH-4-024_MH-4-013,Repair,7642.872972,0.14483588501655772,2.554113726790324
18,MH-4-023_MH-4-022,Repair,3143.335055,0.13947142522565242,2.57590588108294
19,MH-2-040A_MH-2-040,Lining,9180.072902,71.24999999999999,1.0
19,MH-3-016_MH-3-015,Repair,3817.6760545,0.2800514265645146,2.5128341992373926
19,MH-2-082_MH-2-081,Repair,5911.6473535000005,0.2773824972853294,2.508970718428471
19,MH-4-070_MH-4-069,Repair,11090.201902499999,0.2675651352043471,2.5360071278108807
19,MH-2-095_MH-2-094,Repair,4555.267143,0.2617302902624054,2.5526778495299496
19,MH-3-040_MH-3-039,Repair,11154.002124999999,0.24075395091790816,2.5085860029705263
19,MH-3-019_MH-3-018,Repair,2657.4158331000003,0.237054472149874,2.503829835157322
19,MH-2-037_MH-2-036,Repair,4081.867188,0.21852431648147186,2.5687850861307697
19,MH-2-038_MH-2-037,Repair,8987.5921975,0.19680193368492843,2.584097787099041
19,MH-3-037_MH-3-036,Repair,3955.8418935,0.18106307189234092,2.5835960786213223
19,MH-3-038_MH-3-037,Repair,6999.252718500001,0.17120555668531667,2.583327905119174
19,MH-2-011_MH-2-010,Repair,7268.839637499999,0.14541491494563522,2.5206280326609916
19,MH-4-011_MH-4-010,Repair,4648.501109,0.1449599332347584,2.5224339856303124
19,MH-4-056_MH-4-055,Repair,1682.5927608000002,0.13656241653251772,2.5687765579934054
20,MH-3-021_MH-3-020,Lining,5171.4895561,71.24999999999999,1.0
20,MH-3-050_MH-3-049,Replacement,3831.3220167,3.7116429990440385,1.0816376417245184
20,MH-6-002_MH-6-001,Repair,12410.826288,0.4385051488946221,2.513902590846471
20,MH-4-049_MH-4-047,Repair,9378.347678,0.3661648454931994,2.5535969836291197
20,MH-4-053_MH-4-052,Repair,5982.7847695,0.1913568585600871,2.5788560072874285
20,MH-4-037_MH-4-036,Repair,7108.9855585000005,0.14451158440579726,2.4946835570588517
20,MH-2-004_MH-2-003,Repair,12478.1622875,0.1412389560721742,2.507866084849908
20,MH-4-083_MH-4-082,Repair,3779.2833365,0.13742618817174504,2.523631121869609
20,MH-4-084_MH-4-083,Repair,3828.2716219999998,0.13463956046637313,2.535442225463651
20,MH-4-077_MH-4-076,Repair,13878.8990375,0.13450679932013807,2.5360112041094562
20,MH-4-029_MH-4-028,Repair,6386.510280500001,0.1282121383967785,2.5636706962145173
21,MH-3-029_MH-3-028,Lining,4693.9341274,71.24999999999999,1.0
21,MH-5-029_MH-5-028,Replacement,2964.1789556999997,1.3991791640714153,1.304320189390107
21,MH-2-094_MH-2-093,Replacement,1347.8780574,0.18805575957475262,2.2709345913632055
21,MH-4-044_MH-4-043,Repair,2263.94055055,0.25089571167017327,2.5762576492148197
21,MH-4-064_MH-4-063,Repair,10944.818384499999,0.24798146724211265,2.517915318491824
21,MH-4-072_MH-4-071,Repair,11087.421996000001,0.24661875104411127,2.5220461023311764
21,MH-5-004_MH-5-003,Repair,7632.7249985,0.2308944437734659,2.5719030163335637
21,MH-5-011_MH-5-010,Repair,5666.3666535,0.23066128705412756,2.5726742496257113
21,MH-4-007_MH-4-006,Repair,4681.339712,0.13130942884025873,2.521752403139766
21,MH-4-026_MH-4-025,Repair,5797.074283,0.12703770023245972,2.5408222872562387
21,MH-4-013_MH-4-012,Repair,756.2820706,0.12429151803796806,2.5534331134909416
21,MH-4-085_MH-4-084,Repair,5574.3909235,0.11936000624704782,2.5768097135062735
21,MH-4-028_MH-4-027,Repair,6518.393588,0.11909536270516659,2.578091755493557
21,MH-4-019_MH-4-018,Repair,4547.3037575,0.11751194778069608,2.5858231046386133
21,MH-4-021_MH-4-017,Repair,4187.520442,0.077930127709503,2.587420074885251
22,MH-3-009_MH-3-008,Lining,2228.0616036,71.25,1.0
22,MH-6-021_MH-6-020,Replacement,4601.7692847,1.8738269607745577,1.2037439630414806
22,MH-1-023_MH-1-022,Repair,1342.7055099499999,0.2488339182536388,2.581023824582846
22,MH-2-088_MH-2-087,Repair,5893.155079,0.23389452414150566,2.5268915024969063
22,MH-2-090_MH-2-089,Repair,8759.4274565,0.23280751250480233,2.530394280398653
22,MH-5-021_MH-5-020,Repair,9221.300508,0.2173774139120886,2.582459005938211
22,MH-1-002_MH-1-001,Repair,1008.64826825,0.2051830019680305,2.523262364934402
22,MH-2-091_MH-2-090,Repair,13981.6959975,0.18723449685556415,2.5844329206215138
22,MH-3-063_MH-3-062,Repair,664.2109852,0.15680317346507625,2.5282794031323164
22,MH-4-075_MH-4-009,Repair,6944.7424235,0.11506196676075266,2.571122829284585
23,MH-2-039_MH-2-037,Lining,8898.895922,71.24999999999999,1.0
23,MH-2-051_MH-2-035,Repair,3400.39063455,0.3603207758878035,2.4953993804758094
23,MH-3-059_MH-3-053,Repair,1148.0450233,0.33591684908291414,2.4978413479077335
23,MH-5-009_MH-5-008,Repair,2222.3432101500002,0.23329132211081646,2.4956035166637287
23,MH-5-003_MH-5-002,Repair,9939.193186999999,0.23149394149080477,2.5013565295014217
23,MH-4-046_MH-4-043,Repair,7479.062311000001,0.1699153328120485,2.587117196802703
23,MH-3-010_MH-3-009,Repair,2684.25391395,0.16140900646890388,2.5226621088420136
23,MH-4-082_MH-4-081,Repair,8126.2359255,0.11041350078376155,2.5692671362879844
23,MH-4-008_MH-4-007,Repair,5956.1298019999995,0.10965388672639116,2.573253967032703
23,MH-4-036_MH-4-035,Repair,4926.221881,0.10927749582601588,2.5752398351970096
23,MH-2-009_MH-2-008,Repair,9435.1432875,0.10916962342588322,2.5758102554552065
24,MH-2-046_MH-2-045,Lining,8813.399371,71.24999999999999,1.0
24,MH-4-048_MH-4-047,Replacement,536.21779149,0.24169472283419552,2.4845842121618738
24,MH-5-006_MH-5-005,Repair,5186.549382,0.3710564156381861,2.493802796983353
24,MH-5-010_MH-5-009,Repair,3470.533878,0.3377628188977501,2.533451483506456
24,MH-4-051_MH-4-050,Repair,4535.0680025,0.3222482399141405,2.50649449225238
24,MH-6-020_MH-6-019,Repair,3226.37616735,0.2757373817072546,2.578888666262205
24,MH-2-096_MH-2-095,Repair,6254.876509000001,0.21199906116759482,2.535378696908227
24,MH-5-047_MH-5-046,Repair,7786.8332325,0.17469432313594535,2.510343602884609
24,MH-6-008_MH-6-007,Repair,7936.291132,0.16859109685458917,2.555646572187413
24,MH-2-003_MH-2-002,Repair,10610.124714,0.10772950488779667,2.5589024723519738
25,MH-2-062_MH-2-061,Lining,7643.239149000001,71.25,1.0
25,MH-6-011_MH-6-010,Repair,12991.4089725,0.4529946632570468,2.4975531808482856
25,MH-6-024_MH-6-023,Repair,8710.150806,0.35313652163490383,2.508614821373507
25,MH-5-002_MH-5-001,Repair,9964.7159885,0.34363799184504995,2.5304493329536806
25,MH-5-022_MH-5-021,Repair,7402.17037,0.3352406103928519,2.550439056468902
25,MH-2-054_MH-2-053,Repair,3210.8973189999997,0.3004902523446846,2.5092180180742507
25,MH-3-032_MH-3-031,Repair,3823.9613825,0.24691032247034644,2.585506631663756
25,MH-5-063_MH-5-062,Repair,4645.8753565,0.23592381957665523,2.556750998726523
25,MH-5-027_MH-5-026,Repair,4037.5667535000002,0.22618910373145767,2.53086089684846
25,MH-2-073_MH-2-072,Repair,10162.935811000001,0.2102352594402677,2.511012419745251
25,MH-4-059_MH-4-058,Repair,6223.033344500001,0.19409073118550402,2.571354683295682
25,MH-3-026_MH-3-025,Repair,3408.8544574000002,0.18014684509106396,2.515775030910016
26,MH-2-069_MH-2-068,Lining,5819.5213118,6.068756066561419,1.0296275176398446
26,MH-5-051_MH-5-050,Repair,4272.7493095,0.301572059715946,2.495222042103416
26,MH-3-020_MH-3-019,Repair,2448.025447,0.2917900060320162,2.5764398171426417
26,MH-2-067_MH-2-066,Repair,2634.6108607,0.2813841987161061,2.5708731793526756
26,MH-5-024_MH-5-022,Repair,1581.1918041499998,0.26588417253013774,2.5540466699364095
26,MH-2-081_MH-2-080,Repair,6834.125648,0.19687706461031307,2.5308295127720055
26,MH-4-047_MH-4-046,Repair,8718.401993,0.18676747331670507,2.570775252569481
26,MH-4-066_MH-4-065,Repair,8409.012612,0.18630196919640366,2.572679896803175
26,MH-5-061_MH-5-060,Repair,7195.778380000001,0.1858095109725804,2.5747013490606343
26,MH-3-044_MH-3-043,Repair,4472.531889,0.16012367072102213,2.5803749800170643
26,MH-4-010_MH-4-009,Repair,12051.3300075,0.10644879283741587,2.5196308646483923
26,MH-4-017_MH-4-016,Repair,7720.506003,0.10245712232490048,2.541667675164442
26,MH-4-018_MH-4-017,Repair,4851.970081,0.09983009117898374,2.556657503619986
26,MH-4-031_MH-4-030,Repair,4614.9470115,0.09722926794917362,2.5718995627530323
27,MH-5-052_MH-5-051,Replacement,1310.6809359000001,55.49019607843137,1.0
27,MH-5-038_MH-5-035,Lining,4889.017371,1.5048195486756997,1.0987096527480673
27,MH-5-056_MH-5-051,Repair,1581.3617837499999,0.3280724220216545,2.5024032575461295
27,MH-4-073_MH-4-072,Repair,8312.353252,0.326313111203049,2.5066850207768017
27,MH-5-053_MH-5-052,Repair,703.8759035,0.30910894575637193,2.5502622011994234
27,MH-3-053_MH-3-052,Repair,4074.9503864999997,0.24001639983483597,2.51527295191407
27,MH-5-040_MH-5-039,Repair,5900.089464500001,0.1769940121378329,2.5830142036642636
27,MH-3-062_MH-3-061,Repair,4211.1633585,0.16480421231596595,2.531420050779298
27,MH-3-065_MH-3-001,Repair,3575.0257724999997,0.15585401633447296,2.5700156329101613
27,MH-2-074_MH-2-073,Repair,1034.2003497,0.14855126581432376,2.559558756578602
27,MH-3-039_MH-3-038,Repair,5738.9472035,0.13369714813704156,2.5391585719024885
27,MH-1-010_MH-1-009,Repair,3915.7367655000003,0.11966416027289521,2.584324514227421
27,MH-4-034_MH-4-032,Repair,6443.515967,0.1032946215132207,2.515216699125158
27,MH-4-033_MH-4-032,Repair,7436.7671245,0.10130447930714634,2.5264277116490823
27,MH-2-010_MH-2-009,Repair,9765.15085,0.09291132686431612,2.576338523882132
28,MH-5-058_MH-5-057,Replacement,8126.2505331,1.679046809960534,1.1633212581234766
28,MH-6-002_MH-6-001,Repair,12410.826288,0.4361409968463559,2.5200593039078067
28,MH-3-021_MH-3-020,Repair,2585.74477805,0.33753521800623165,2.5338402114542355
28,MH-5-044_MH-5-041,Repair,12368.913322499999,0.3013035745824369,2.5485917429374734
28,MH-5-001_MH-6-019,Repair,3814.1396125,0.30005365343706564,2.551961626603447
28,MH-6-016_MH-6-006,Repair,14853.5811725,0.2816428768402653,2.489584380922086
28,MH-5-041_MH-5-040,Repair,1706.7808583,0.26381452403676087,2.540298893466055
28,MH-2-008_MH-2-006,Repair,7986.095407499999,0.2178095247148733,2.534562051741375
28,MH-5-008_MH-5-007,Repair,947.9608369,0.20805155068015138,2.5791051198583483
28,MH-2-097_MH-2-096,Repair,7721.5149759999995,0.18197343529978058,2.5343013997598955
28,MH-2-075_MH-2-074,Repair,5900.8887454999995,0.15489731439333124,2.5409140973257736
28,MH-3-051_MH-3-050,Repair,5807.334743,0.1492788793695071,2.572019381675947
29,MH-2-064_MH-2-063,Lining,7803.961920999999,1.658800421652405,1.0853851582693794
29,MH-4-049_MH-4-047,Repair,9378.347678,0.3569632324659088,2.583440940383836
29,MH-4-003_MH-4-002,Repair,8341.255713,0.2774561884863243,2.4963615112260826
29,MH-2-095_MH-2-094,Repair,4555.267143,0.27303556717753147,2.504203112741356
29,MH-5-057_MH-5-056,Repair,3878.4314485,0.25200894936281254,2.5560131250731817
29,MH-3-022_MH-3-012,Repair,4404.175125,0.23951101758176088,2.516836228058675
29,MH-3-035_MH-3-032,Repair,6253.728096,0.14924206944550547,2.545411204545995
29,MH-1-027_MH-1-026,Repair,2510.01812705,0.14498684271411208,2.565436078780643
29,MH-3-054_MH-3-053,Repair,6595.811656,0.14349876236477163,2.5726027190532426
29,MH-1-024_MH-1-022,Repair,11252.7588775,0.1243125291495711,2.488674002533647
29,MH-4-020_MH-4-019,Repair,6224.904112,0.09544746000930807,2.519566800313267
29,MH-4-016_MH-4-015,Repair,14039.6517625,0.09143652023823957,2.544321697533215
30,MH-2-052_MH-2-051,Replacement,4756.5604233,3.9899980809124718,1.0612385327947442
30,MH-5-013_MH-5-012,Lining,4506.491121999999,0.8007450808846253,1.1451804503557885
30,MH-2-051_MH-2-035,Repair,3400.39063455,0.33438226928752013,2.581518545455314
30,MH-2-084_MH-2-083,Repair,14029.420594,0.27627162938599675,2.5594972326147816
30,MH-2-083_MH-2-082,Repair,5206.78284,0.1618375306685324,2.570905423841043
30,MH-3-068_MH-3-067,Repair,12490.168509,0.12049131553586545,2.5451025366515383
30,MH-3-067_MH-3-066,Repair,15256.4149255,0.11923465519212526,2.5610839074088396
30,MH-4-078_MH-4-077,Repair,5632.931860500001,0.09280963022131004,2.516181276676563
30,MH-4-081_MH-4-080,Repair,5029.161655,0.09018176740732699,2.532736888901073
31,MH-5-017_MH-5-016,Replacement,6223.463567999999,55.490196078431374,1.0
31,MH-3-016_MH-3-015,Repair,3817.6760545,0.2635343102912332,2.58329491594444
31,MH-2-080_MH-2-079,Repair,13772.7695245,0.253490116365722,2.5183539398602144
31,MH-2-085_MH-2-084,Repair,13479.8536915,0.24566672367401404,2.5784825917668948
31,MH-6-012_MH-6-011,Repair,10306.3945355,0.2407203893791549,2.5381043156330594
31,MH-4-069_MH-4-068,Repair,14119.335965,0.1569833861027634,2.569122911234667
31,MH-1-018_MH-1-017,Repair,10287.671688,0.1431301951242466,2.5345894634860833
31,MH-1-013_MH-1-012,Repair,8206.5314765,0.13946009191734074,2.55250974550974
32,MH-2-060_MH-2-059,Lining,7084.986783,3.8900427960584545,1.036707664879455
32,MH-5-010_MH-5-009,Repair,3470.533878,0.3370056935445492,2.5360333755674875
32,MH-4-070_MH-4-069,Repair,11090.201902499999,0.27218846179343226,2.5163929364448077
32,MH-3-029_MH-3-028,Repair,2346.9670637,0.259141889836624,2.502635841710683
32,MH-5-049_MH-5-045,Repair,10794.307881,0.24015668720438607,2.507491660994688
32,MH-5-004_MH-5-003,Repair,7632.7249985,0.23394988213518444,2.5565243121892247
32,MH-4-006_MH-4-005,Repair,11649.600129999999,0.19463538639635947,2.522504718106601
32,MH-3-041_MH-3-030,Repair,9303.651266,0.13360407277715522,2.5578431538761657
32,MH-1-021_MH-1-020,Repair,11274.36695,0.1335538279229719,2.5581036590526662
32,MH-1-012_MH-1-011,Repair,498.18229195,0.1327682992949223,2.562191467675913
32,MH-3-023_MH-3-022,Repair,1367.2900507,0.13261910313806483,2.562971085466205
32,MH-1-017_MH-1-016,Repair,527.7418937,0.13056068575510657,2.573833675476739
33,MH-5-042_MH-5-041,Replacement,5048.039079900001,3.305479097392323,1.091301087330958
33,MH-5-026_MH-5-025,Replacement,3728.4365187000003,0.5089018423870891,1.5010910633118126
33,MH-2-062_MH-2-061,Repair,3821.6195745000005,0.32875154735607154,2.549051647486925
33,MH-3-040_MH-3-039,Repair,11154.002124999999,0.22595513112744667,2.5820014980627266
33,MH-6-009_MH-6-008,Repair,3763.259346,0.14682665528301056,2.57245479684016
33,MH-6-005_MH-6-004,Repair,9877.180817,0.14483773523249951,2.5828848549041945
33,MH-6-003_MH-6-002,Repair,7683.382007,0.14402190918059968,2.587215252882464
33,MH-1-016_MH-1-015,Repair,11230.065052499998,0.12777609348089103,2.5652048850886144
33,MH-3-049_MH-3-042,Repair,7724.9526865,0.12212600423846967,2.4893639282880553
33,MH-1-003_MH-1-002,Repair,5716.6366075,0.10943293662672202,2.5441392765455806
34,MH-2-036_MH-2-035,Lining,7315.4437370000005,2.8266037618562603,1.0463312732356629
34,MH-4-044_MH-4-043,Repair,2263.94055055,0.24947343757349474,2.582965239339731
34,MH-3-019_MH-3-018,Repair,2657.4158331000003,0.23626020002892306,2.507627344608061
34,MH-2-037_MH-2-036,Repair,4081.867188,0.216302990423095,2.580808016838929
34,MH-2-039_MH-2-037,Repair,4449.447961,0.17638439043477253,2.5264555118301124
34,MH-5-054_MH-5-053,Repair,10335.9485565,0.1515378051969522,2.5259275602815134
34,MH-4-074_MH-4-073,Repair,6994.302374500001,0.15107243763523887,2.5282390418341576
34,MH-3-055_MH-3-054,Repair,8847.6645635,0.13091986221916835,2.5356000362685935
34,MH-3-011_MH-3-010,Repair,7198.9498945000005,0.12526526161816062,2.5661109043029513
35,MH-3-018_MH-3-017,Replacement,6341.068512,3.2637199724748305,1.0840407590374135
35,MH-3-009_MH-3-008,Replacement,2864.6506332,0.4131412453004809,1.7392404549381946
35,MH-6-024_MH-6-023,Repair,8710.150806,0.351397793781904,2.5142180750891545
35,MH-5-022_MH-5-021,Repair,7402.17037,0.3323551408944936,2.5605020004093104
35,MH-4-051_MH-4-050,Repair,4535.0680025,0.32118557501398926,2.5102376333271192
35,MH-4-064_MH-4-063,Repair,10944.818384499999,0.24486329216111738,2.5323943323728897
35,MH-4-072_MH-4-071,Repair,11087.421996000001,0.24332296496470557,2.5374811972772777
35,MH-3-071_MH-3-070,Repair,9688.4785725,0.12378003165120724,2.552003039540124
36,MH-4-063_MH-4-061,Replacement,5771.772022499999,3.375837261534478,1.0555557679793428
36,MH-3-059_MH-3-053,Replacement,2952.1157742,0.32248043560014494,2.1995149390077846
36,MH-6-002_MH-6-001,Repair,12410.826288,0.4348302849250329,2.523496525185725
36,MH-6-020_MH-6-019,Repair,3226.37616735,0.28025478927610586,2.559824251194864
36,MH-5-024_MH-5-022,Repair,1581.1918041499998,0.278192931450235,2.502181502685871
36,MH-5-011_MH-5-010,Repair,5666.3666535,0.24626736348562964,2.4973530456982553
36,MH-2-038_MH-2-037,Repair,8987.5921975,0.20444038789815808,2.539613702226271
36,MH-4-011_MH-4-010,Repair,4648.501109,0.1427635341473182,2.539964225265011
36,MH-4-067_MH-4-066,Repair,6013.054915,0.14257299349416272,2.5288006647479007
36,MH-4-056_MH-4-055,Repair,1682.5927608000002,0.13753057904696964,2.5605103557919935
36,MH-3-030_MH-3-028,Repair,7741.644988,0.119786844342752,2.5530500463013177
37,MH-4-055_MH-4-054,Replacement,7676.7027822,5.546239347408368,1.0542259476036353
37,MH-2-064_MH-2-063,Repair,3901.9809604999996,0.33459782585664766,2.5388814397001176
37,MH-2-088_MH-2-087,Repair,5893.155079,0.23731448816471773,2.5103442137645398
37,MH-2-090_MH-2-089,Repair,8759.4274565,0.2360357394265579,2.5146605763662238
37,MH-5-021_MH-5-020,Repair,9221.300508,0.2179916641007073,2.5791274642666675
37,MH-4-053_MH-4-052,Repair,5982.7847695,0.19035376978018564,2.58506532186406
37,MH-3-037_MH-3-036,Repair,3955.8418935,0.18176367065363694,2.5790351493620705
37,MH-4-022_MH-4-021,Repair,3313.2490415499997,0.1671615255069103,2.5256463643854343
37,MH-4-068_MH-4-067,Repair,7913.433696,0.13733996687006106,2.5363273555098855
37,MH-4-015_MH-4-013,Repair,7295.3810300000005,0.1323238130619812,2.5630830170939705
37,MH-1-007_MH-1-006,Repair,6523.1983040000005,0.11659407745267995,2.559955640807812
37,MH-3-033_MH-3-032,Repair,5265.1305315,0.1140031498618439,2.5755498918172806
37,MH-3-002_MH-3-001,Repair,2804.74876885,0.1129567648760709,2.572736695328366
38,MH-2-065_MH-2-064,Lining,5600.947842,15.221080473236574,1.0083936388868706
38,MH-1-023_MH-1-022,Replacement,3452.6713112999996,0.23111854661138131,2.272656428578438
38,MH-4-073_MH-4-072,Repair,8312.353252,0.3306994397289716,2.491634516862146
38,MH-3-021_MH-3-020,Repair,2585.74477805,0.329373899347393,2.5622131208862564
38,MH-5-053_MH-5-052,Repair,703.8759035,0.31193641813083534,2.539724884719214
38,MH-5-051_MH-5-050,Repair,4272.7493095,0.3034552313528797,2.4882356943443806
38,MH-2-067_MH-2-066,Repair,2634.6108607,0.2901317014287804,2.5352846172604946
38,MH-5-009_MH-5-008,Repair,2222.3432101500002,0.22495428262670816,2.5370300680668776
38,MH-5-003_MH-5-002,Repair,9939.193186999999,0.22299495277687764,2.5440942975781655
38,MH-4-059_MH-4-058,Repair,6223.033344500001,0.20037255476379676,2.5343311698138478
38,MH-3-038_MH-3-037,Repair,6999.252718500001,0.17138980390999012,2.5820566484304797
38,MH-6-004_MH-6-003,Repair,7700.792603,0.12806692256150567,2.569113809235428
38,MH-1-004_MH-1-003,Repair,7081.126058999999,0.11518247524974741,2.5477389908977615
38,MH-3-006_MH-3-005,Repair,13175.4282345,0.11472028748787765,2.550516205133941
38,MH-5-055_MH-5-054,Repair,5531.4549535,0.11205099963365744,2.578521667811438
39,MH-2-029_MH-2-028,Lining,7603.913982,42.71113479403028,1.0029516802366067
39,MH-5-001_MH-6-019,Repair,3814.1396125,0.2923826998078179,2.5823061314356424
39,MH-5-013_MH-5-012,Repair,2253.2455609999997,0.2739428462567737,2.5863536234884896
39,MH-3-032_MH-3-031,Repair,3823.9613825,0.26843039192253476,2.489242781932374
39,MH-5-063_MH-5-062,Repair,4645.8753565,0.23169569302317014,2.5779430304612743
39,MH-1-002_MH-1-001,Repair,1008.64826825,0.20548479745939563,2.521583225004781
39,MH-5-047_MH-5-046,Repair,7786.8332325,0.16463358083504245,2.5789634777203942
39,MH-3-012_MH-3-010,Repair,11900.87598,0.11410911633289478,2.5342203118387805
39,MH-1-014_MH-1-013,Repair,6271.07334,0.10949933504615411,2.562701774652079
39,MH-1-006_MH-1-005,Repair,7798.2719885,0.09923811308732688,2.508206693468701
40,MH-3-031_MH-3-030,Lining,4363.5611334000005,71.25,1.0
40,MH-2-063_MH-2-059,Lining,4437.1214580000005,10.962105121138546,1.010995032928717
40,MH-5-010_MH-5-009,Repair,3470.533878,0.3487243756452283,2.497115224811954
40,MH-2-051_MH-2-035,Repair,3400.39063455,0.3458085151183519,2.542264800329569
40,MH-5-027_MH-5-026,Repair,4037.5667535000002,0.22117853700852194,2.5567666014300916
40,MH-2-096_MH-2-095,Repair,6254.876509000001,0.20862809902832874,2.5539238677181837
40,MH-4-014_MH-4-013,Repair,9121.158725,0.14793104065667748,2.5659784181815932
40,MH-6-018_MH-6-017,Repair,6049.8320225,0.10411796466513375,2.5867670978916446
41,MH-4-004_MH-4-003,Replacement,5442.9140412,1.9239068208003165,1.1241179390594063
41,MH-2-036_MH-2-035,Repair,3657.7218685000003,0.37592207393016636,2.548735293077796
41,MH-5-041_MH-5-040,Repair,1706.7808583,0.2652225008701301,2.534166208323901
41,MH-6-012_MH-6-011,Repair,10306.3945355,0.23714976102460777,2.5554154896312564
41,MH-3-053_MH-3-052,Repair,4074.9503864999997,0.22663907523357318,2.581763050303987
41,MH-2-073_MH-2-072,Repair,10162.935811000001,0.19753209796353816,2.5832146408410903
41,MH-2-069_MH-2-068,Repair,2909.7606559,0.17539087961211833,2.5488649871133555
41,MH-4-009_MH-4-008,Repair,11024.246121,0.14688593179189044,2.548220860696669
41,MH-4-079_MH-4-007,Repair,482.65428925,0.14375858317680534,2.5643943132830613
41,MH-4-076_MH-4-075,Repair,13997.169704,0.14327663905770385,2.566926097899132
41,MH-4-024_MH-4-013,Repair,7642.872972,0.14321585907365678,2.5672461517241856
41,MH-4-028_MH-4-027,Repair,6518.393588,0.12268055218318652,2.5434634465067996
41,MH-3-058_MH-3-057,Repair,3571.698207,0.10134026273640621,2.586282701094001
41,MH-3-013_MH-3-012,Repair,1344.0200585,0.10107205871164643,2.579775244704759
42,MH-2-066_MH-2-065,Lining,8937.247592,2.7354731821845197,1.0389622679051822
42,MH-4-003_MH-4-002,Repair,8341.255713,0.2784763837335916,2.492236272416895
42,MH-2-084_MH-2-083,Repair,14029.420594,0.2736746248739763,2.570550771488216
42,MH-2-095_MH-2-094,Repair,4555.267143,0.2716470652258249,2.5099764339093906
42,MH-4-023_MH-4-022,Repair,3143.335055,0.14325011713497088,2.544702885360031
42,MH-2-011_MH-2-010,Repair,7268.839637499999,0.13760358977459985,2.5847957614993478
42,MH-2-071_MH-2-070,Repair,9996.365358,0.12620682684155424,2.504676732022087
42,MH-4-026_MH-4-025,Repair,5797.074283,0.12573903514034296,2.5527251905405692
42,MH-6-001_MH-5-001,Repair,11284.7084,0.11899440761151214,2.54889452900844
42,MH-2-076_MH-2-075,Repair,2087.2735565499997,0.11581798844988458,2.5694566759018866
43,MH-3-020_MH-3-019,Replacement,6294.922578000001,4.929929043843823,1.058565038037058
43,MH-5-022_MH-5-021,Repair,7402.17037,0.33156390605740443,2.5632866905650804
43,MH-3-022_MH-3-012,Repair,4404.175125,0.22609858200631455,2.583717052501358
43,MH-2-081_MH-2-080,Repair,6834.125648,0.18926773055773108,2.5766676702434506
43,MH-4-046_MH-4-043,Repair,7479.062311000001,0.18097712910998656,2.5139125068030626
43,MH-2-077_MH-2-076,Repair,7922.012119,0.11219969471341502,2.5757238615803684
43,MH-1-026_MH-1-025,Repair,11208.6115925,0.1099055183898434,2.4936965372671076
43,MH-3-066_MH-3-065,Repair,12064.022453,0.10874836989977557,2.500905528818624
43,MH-1-020_MH-1-016,Repair,8554.642369,0.09620698523385032,2.5854055385570938
44,MH-4-057_MH-4-056,Replacement,4443.2553231,2.872411931315387,1.1004001045592493
44,MH-5-056_MH-5-051,Replacement,4066.3588725,0.4450952498755449,1.7990917200886014
44,MH-6-002_MH-6-001,Repair,12410.826288,0.4341013644136123,2.5254154858382147
44,MH-3-016_MH-3-015,Repair,3817.6760545,0.2821301390129072,2.5044524977792784
44,MH-5-008_MH-5-007,Repair,947.9608369,0.21316335170913853,2.5506998101232976
44,MH-4-047_MH-4-046,Repair,8718.401993,0.1914541343217803,2.541910815378712
44,MH-5-061_MH-5-060,Repair,7195.778380000001,0.19030613844354277,2.546783431351615
44,MH-3-063_MH-3-062,Repair,664.2109852,0.1559902619275823,2.5342476866113484
44,MH-3-010_MH-3-009,Repair,2684.25391395,0.1557433754705082,2.5639712803384223
44,MH-4-037_MH-4-036,Repair,7108.9855585000005,0.13760674302530423,2.550619578486704
44,MH-2-004_MH-2-003,Repair,12478.1622875,0.1333378126634957,2.574330055544026
45,MH-5-038_MH-5-035,Replacement,6285.879477,1.0986653592412148,1.3371493669313368
45,MH-2-080_MH-2-079,Repair,13772.7695245,0.257693231281541,2.4997111417003777
45,MH-3-029_MH-3-028,Repair,2346.9670637,0.24094303905896206,2.58687222601566
45,MH-2-060_MH-2-059,Repair,3542.4933915,0.20507764343592905,2.5412078352216785
45,MH-2-083_MH-2-082,Repair,5206.78284,0.16035170536328072,2.581768247884507
45,MH-4-083_MH-4-082,Repair,3779.2833365,0.13506294431834537,2.5435749387489643
45,MH-4-084_MH-4-083,Repair,3828.2716219999998,0.1312378223585924,2.565144284932674
45,MH-4-077_MH-4-076,Repair,13878.8990375,0.13105659952403795,2.5661857520412426
45,MH-3-064_MH-3-062,Repair,12981.303272000001,0.09299622865764368,2.581478350316319
46,MH-2-054_MH-2-053,Replacement,8256.593106,0.5326157154235422,1.5871692581568637
46,MH-5-049_MH-5-045,Repair,10794.307881,0.22435356865214176,2.5863348808402473
46,MH-5-040_MH-5-039,Repair,5900.089464500001,0.18480652520934437,2.532669018739615
46,MH-4-029_MH-4-028,Repair,6386.510280500001,0.12866937954692823,2.5595123033667
46,MH-3-007_MH-3-006,Repair,8212.7618055,0.0916469443457429,2.5745187724384655
46,MH-3-008_MH-3-007,Repair,6929.0529175,0.09014643578393389,2.586011227018525
47,MH-3-031_MH-3-030,Replacement,5610.2928858000005,0.3906513606006665,2.4119250933707623
47,MH-2-063_MH-2-059,Repair,2218.5607290000003,0.37146184430862683,2.5556241639071673
47,MH-2-064_MH-2-063,Repair,3901.9809604999996,0.3253665286344756,2.5714428428748817
47,MH-2-067_MH-2-066,Repair,2634.6108607,0.29305459817285945,2.5237860798091503
47,MH-4-044_MH-4-043,Repair,2263.94055055,0.24867654294243333,2.5867511870420756
47,MH-2-097_MH-2-096,Repair,7721.5149759999995,0.1832085258737824,2.5265381358569643
47,MH-3-044_MH-3-043,Repair,4472.531889,0.16652514751774083,2.5346920663561705
47,MH-1-027_MH-1-026,Repair,2510.01812705,0.14929223360676153,2.5315065684283344
47,MH-4-007_MH-4-006,Repair,4681.339712,0.12767077834006685,2.554142078811264
48,MH-3-026_MH-3-025,Lining,6817.7089148000005,0.3051975898496385,1.5568737452824657
48,MH-2-074_MH-2-073,Lining,2068.4006994,0.057970984135206474,2.171628613093146
48,MH-2-036_MH-2-035,Repair,3657.7218685000003,0.3800865588418361,2.536004813299683
48,MH-3-021_MH-3-020,Repair,2585.74477805,0.32490497592009726,2.578247528239382
48,MH-5-001_MH-6-019,Repair,3814.1396125,0.30497471528860726,2.5331622517734953
48,MH-6-020_MH-6-019,Repair,3226.37616735,0.2828338780785116,2.5491663043476738
48,MH-3-040_MH-3-039,Repair,11154.002124999999,0.2380113342999972,2.5216200757419798
48,MH-3-062_MH-3-061,Repair,4211.1633585,0.1654137948577694,2.527185486297563
48,MH-4-069_MH-4-068,Repair,14119.335965,0.16125012849962597,2.5379403645308036
48,MH-3-065_MH-3-001,Repair,3575.0257724999997,0.1542528735463563,2.5821760083008227
48,MH-4-013_MH-4-012,Repair,756.2820706,0.12392569324022477,2.5568638186685115
48,MH-2-089_MH-2-088,Repair,6379.7161365,0.10167100152368862,2.5669763885267347
48,MH-1-015_MH-1-014,Repair,6439.2063085,0.08950591615239104,2.5579814534554983
49,MH-5-024_MH-5-022,Replacement,4065.9217820999997,0.21397710432538394,2.4839360760412084
49,MH-5-053_MH-5-052,Repair,703.8759035,0.31353323871567507,2.5338434907028655
49,MH-4-064_MH-4-063,Repair,10944.818384499999,0.24314376316111672,2.5405101490949704
49,MH-4-072_MH-4-071,Repair,11087.421996000001,0.24150538421346304,2.5461423790338578
49,MH-3-019_MH-3-018,Repair,2657.4158331000003,0.23581987655605494,2.509741709246295
49,MH-2-037_MH-2-036,Repair,4081.867188,0.21506466263390803,2.5875995107202483
49,MH-4-019_MH-4-018,Repair,4547.3037575,0.11978135248520547,2.563317436709567
49,MH-4-010_MH-4-009,Repair,12051.3300075,0.10719273485516717,2.5117052854147053
49,MH-2-072_MH-2-071,Repair,9577.0214645,0.10167293189208296,2.55129212983916
50,MH-3-025_MH-3-024,Lining,9392.975802,0.09173197763710975,1.666147151576686
50,MH-2-051_MH-2-035,Repair,3400.39063455,0.352430663421924,2.520483067150014
50,MH-5-010_MH-5-009,Repair,3470.533878,0.3355654658139472,2.540971335195379
50,MH-5-011_MH-5-010,Repair,5666.3666535,0.2337141748226874,2.5572862734143076
50,MH-4-006_MH-4-005,Repair,11649.600129999999,0.19580475970766853,2.515674539349694
50,MH-2-075_MH-2-074,Repair,5900.8887454999995,0.1545969456650049,2.5431565721987934
50,MH-2-087_MH-2-077,Repair,10687.4728205,0.09660863396141957,2.574798706157943
51,MH-5-013_MH-5-012,Repair,2253.2455609999997,0.2791201530479353,2.5643152855876723
51,MH-3-037_MH-3-036,Repair,3955.8418935,0.1840383979286716,2.5644248796841267
51,MH-1-024_MH-1-022,Repair,11252.7588775,0.11837045064540022,2.544436890628934
51,MH-4-075_MH-4-009,Repair,6944.7424235,0.11688185750359319,2.552788341208841
52,MH-2-066_MH-2-065,Repair,4468.623796,0.26693201908561937,2.5404918625399473
52,MH-3-032_MH-3-031,Repair,3823.9613825,0.25545394798081206,2.5456837902080998
52,MH-2-088_MH-2-087,Repair,5893.155079,0.23924686276861104,2.5011680736914075
52,MH-2-090_MH-2-089,Repair,8759.4274565,0.2378597502407459,2.50592735740077
52,MH-5-021_MH-5-020,Repair,9221.300508,0.21833864367808936,2.577252385709
52,MH-2-065_MH-2-064,Repair,2800.473921,0.17926540993257156,2.5760830374611925
52,MH-4-074_MH-4-073,Repair,6994.302374500001,0.14834692716036701,2.5492326172281192
52,MH-3-054_MH-3-053,Repair,6595.811656,0.14406308812869195,2.5679956495388963
52,MH-6-006_MH-6-005,Repair,8366.9181295,0.09216602955284953,2.5808066451960054
52,MH-1-019_MH-1-018,Repair,10659.776679999999,0.07996003103661017,2.574747832573036
53,MH-5-022_MH-5-021,Repair,7402.17037,0.3303074710165771,2.5677312792537395
53,MH-5-009_MH-5-008,Repair,2222.3432101500002,0.22046467081643023,2.560408554656394
53,MH-5-003_MH-5-002,Repair,9939.193186999999,0.21841727108680295,2.568248996576716
53,MH-2-038_MH-2-037,Repair,8987.5921975,0.20888593633229138,2.514969290889362
53,MH-4-082_MH-4-081,Repair,8126.2359255,0.1108178070971433,2.564984400374023
53,MH-4-008_MH-4-007,Repair,5956.1298019999995,0.10973173637256972,2.5724197328009897
53,MH-4-036_MH-4-035,Repair,4926.221881,0.10919512416686553,2.5761276198416123
53,MH-2-009_MH-2-008,Repair,9435.1432875,0.1090415208764503,2.5771932006106693
54,MH-2-084_MH-2-083,Repair,14029.420594,0.27222823488148246,2.5767825293836992
54,MH-5-041_MH-5-040,Repair,1706.7808583,0.2660137811478277,2.530743252298713
54,MH-4-021_MH-4-017,Repair,4187.520442,0.07973554260430477,2.5604824669326818
55,MH-4-003_MH-4-002,Repair,8341.255713,0.27904453691683145,2.489949741459148
55,MH-2-095_MH-2-094,Repair,4555.267143,0.2708783868352026,2.5131936289857326
55,MH-6-012_MH-6-011,Repair,10306.3945355,0.2339583204728453,2.571257380258062
55,MH-4-053_MH-4-052,Repair,5982.7847695,0.20435950509579215,2.5029664904838147
55,MH-4-059_MH-4-058,Repair,6223.033344500001,0.19793339820275133,2.5484759305330704
55,MH-1-018_MH-1-017,Repair,10287.671688,0.14296624744616995,2.53590845850254
55,MH-1-013_MH-1-012,Repair,8206.5314765,0.13839999265006095,2.5613998020422866
55,MH-1-010_MH-1-009,Repair,3915.7367655000003,0.12459011797478496,2.537227307941482
55,MH-2-003_MH-2-002,Repair,10610.124714,0.10761249078761849,2.5601704802541376
56,MH-2-063_MH-2-059,Repair,2218.5607290000003,0.3697794835523633,2.560916699920214
56,MH-3-021_MH-3-020,Repair,2585.74477805,0.3470429542883311,2.502185902647015
56,MH-3-016_MH-3-015,Repair,3817.6760545,0.26460737237083853,2.578496953996852
56,MH-3-053_MH-3-052,Repair,4074.9503864999997,0.2396022403661923,2.5172390059816596
56,MH-2-096_MH-2-095,Repair,6254.876509000001,0.2067687127608346,2.564366866534302
56,MH-5-008_MH-5-007,Repair,947.9608369,0.2066089401386174,2.587331285618278
56,MH-1-002_MH-1-001,Repair,1008.64826825,0.20565335867718454,2.5206471548108897
56,MH-6-009_MH-6-008,Repair,3763.259346,0.15176836640860805,2.533970344722014
56,MH-6-005_MH-6-004,Repair,9877.180817,0.14935775222242786,2.5469231059577746
56,MH-6-003_MH-6-002,Repair,7683.382007,0.1483707148256921,2.5523079003993216
56,MH-5-054_MH-5-053,Repair,10335.9485565,0.14394684983170097,2.5857584619231315
56,MH-2-078_MH-2-077,Repair,7348.8334045,0.0884914100715929,2.5553302777755955
57,MH-3-026_MH-3-025,Replacement,8765.6257476,0.26938334802819025,2.4567968188271276
57,MH-2-036_MH-2-035,Repair,3657.7218685000003,0.3784257491270452,2.541053966413944
57,MH-5-049_MH-5-045,Repair,10794.307881,0.2412454401343969,2.5023760130600463
57,MH-5-061_MH-5-060,Repair,7195.778380000001,0.18920183672131397,2.553537867659576
57,MH-3-038_MH-3-037,Repair,6999.252718500001,0.1714937455878709,2.5813404751928553
57,MH-4-022_MH-4-021,Repair,3313.2490415499997,0.15927088341202877,2.581876412869721
57,MH-5-029_MH-5-028,Repair,1152.73626055,0.1408677862891166,2.5378633137684026
57,MH-3-041_MH-3-030,Repair,9303.651266,0.13327709161828616,2.560701751763856
57,MH-1-021_MH-1-020,Repair,11274.36695,0.13321432301871022,2.561073528593399
57,MH-1-012_MH-1-011,Repair,498.18229195,0.13223391559772268,2.566910318469455
57,MH-3-023_MH-3-022,Repair,1367.2900507,0.1320479010499587,2.568024122056423
57,MH-1-017_MH-1-016,Repair,527.7418937,0.12948788861846786,2.5835637886458516
58,MH-2-074_MH-2-073,Repair,1034.2003497,0.27546826044714956,2.522341113413536
58,MH-2-073_MH-2-072,Repair,10162.935811000001,0.20592416786259304,2.5346883670930223
58,MH-3-068_MH-3-067,Repair,12490.168509,0.11947499317590428,2.5549328916362586
58,MH-3-067_MH-3-066,Repair,15256.4149255,0.11943807218050992,2.559094464013665
58,MH-1-007_MH-1-006,Repair,6523.1983040000005,0.11832475660590326,2.5428425679204523
58,MH-1-004_MH-1-003,Repair,7081.126058999999,0.11153257223187579,2.5854571694455366
59,MH-4-056_MH-4-055,Replacement,4326.6670992,0.10732618037843156,2.1501042194730924
59,MH-2-067_MH-2-066,Repair,2634.6108607,0.2968416921508759,2.509167244395423
59,MH-5-001_MH-6-019,Repair,3814.1396125,0.2950413719501227,2.5716413357117895
59,MH-3-025_MH-3-024,Repair,4696.487901,0.275739994815111,2.5825763981134737
59,MH-3-029_MH-3-028,Repair,2346.9670637,0.25403073416747396,2.5252829061250655
59,MH-3-040_MH-3-039,Repair,11154.002124999999,0.22854581420898526,2.568582675006811
59,MH-5-047_MH-5-046,Repair,7786.8332325,0.1663090738603226,2.567060004662017
59,MH-1-016_MH-1-015,Repair,11230.065052499998,0.12796526891644777,2.563474093843084
59,MH-2-094_MH-2-093,Repair,524.1748001,0.11343453816464663,2.5655775214105243
59,MH-3-002_MH-3-001,Repair,2804.74876885,0.112780405231596,2.574574221183856
59,MH-4-017_MH-4-016,Repair,7720.506003,0.10135711651396259,2.55417993737464
59,MH-4-018_MH-4-017,Repair,4851.970081,0.09771259244164388,2.5818075607721176
60,MH-2-051_MH-2-035,Repair,3400.39063455,0.35619640393851776,2.5083964777357943
60,MH-5-010_MH-5-009,Repair,3470.533878,0.32848949942661526,2.565751024793416
60,MH-5-053_MH-5-052,Repair,703.8759035,0.31443039669390915,2.530560795754821
60,MH-5-013_MH-5-012,Repair,2253.2455609999997,0.2958732704648254,2.4974094917908483
60,MH-6-020_MH-6-019,Repair,3226.37616735,0.28429288235079764,2.5432079872109403
60,MH-4-072_MH-4-071,Repair,11087.421996000001,0.24865277404680655,2.5126895477837974
60,MH-3-019_MH-3-018,Repair,2657.4158331000003,0.2239312802004453,2.5694150744208084
60,MH-2-069_MH-2-068,Repair,2909.7606559,0.17218437003075943,2.570394073722106
60,MH-2-083_MH-2-082,Repair,5206.78284,0.16098431279674277,2.5771230054365026
60,MH-4-011_MH-4-010,Repair,4648.501109,0.14327847397703303,2.535814400029914
60,MH-4-067_MH-4-066,Repair,6013.054915,0.14048410003440773,2.5458067678736103
60,MH-3-055_MH-3-054,Repair,8847.6645635,0.12945366523635507,2.548611938879246
60,MH-4-034_MH-4-032,Repair,6443.515967,0.09926714815668396,2.5610594671735396
60,MH-4-031_MH-4-030,Repair,4614.9470115,0.09771125340568346,2.566099356032837
60,MH-4-033_MH-4-032,Repair,7436.7671245,0.09662640964688075,2.581412075542029
61,MH-4-044_MH-4-043,Replacement,5821.5614157,0.20405350573462988,2.4774574606219324
61,MH-2-081_MH-2-080,Repair,6834.125648,0.19914291616012103,2.517742333834374
61,MH-3-011_MH-3-010,Repair,7198.9498945000005,0.12852796447436649,2.5362514261577913
61,MH-3-049_MH-3-042,Repair,7724.9526865,0.11337488999713331,2.574760696924485
62,MH-2-066_MH-2-065,Repair,4468.623796,0.27584575209450923,2.5029813939854098
62,MH-2-060_MH-2-059,Repair,3542.4933915,0.2109008741320813,2.5091700451836014
62,MH-4-047_MH-4-046,Repair,8718.401993,0.19414538057473082,2.5258586533228793
62,MH-4-046_MH-4-043,Repair,7479.062311000001,0.1754837814156985,2.549311724016813
62,MH-4-068_MH-4-067,Repair,7913.433696,0.1374564121970149,2.5353516754260603
62,MH-3-071_MH-3-070,Repair,9688.4785725,0.12251799418938218,2.5639496747581636
62,MH-6-001_MH-5-001,Repair,11284.7084,0.12032796921096378,2.536016154071442
62,MH-2-010_MH-2-009,Repair,9765.15085,0.09205098250715305,2.5873285377932507
63,MH-4-079_MH-4-007,Lining,965.3085785,0.05452887901788504,2.1483463620284744
63,MH-5-022_MH-5-021,Repair,7402.17037,0.329603941930419,2.570232219951347
63,MH-2-084_MH-2-083,Repair,14029.420594,0.2850619632549576,2.5233249933744526
63,MH-4-014_MH-4-013,Repair,9121.158725,0.1529365250108537,2.5274335292895294
63,MH-4-077_MH-4-076,Repair,13878.8990375,0.1326344716326754,2.552224929355653
63,MH-4-048_MH-4-047,Repair,208.529141135,0.129609982414596,2.540315571465177
64,MH-4-004_MH-4-003,Repair,2116.6887938,0.21183965914033265,2.568210512126642
64,MH-4-053_MH-4-052,Repair,5982.7847695,0.20122575063164885,2.520512525469081
64,MH-5-040_MH-5-039,Repair,5900.089464500001,0.17680631405885527,2.5842689135074313
64,MH-5-026_MH-5-025,Repair,1449.9475350500002,0.1680628241384251,2.5175792890314836
64,MH-4-009_MH-4-008,Repair,11024.246121,0.146572285219049,2.550700819296192
64,MH-4-076_MH-4-075,Repair,13997.169704,0.1423861177744926,2.57424568671255
64,MH-6-004_MH-6-003,Repair,7700.792603,0.12936159099203956,2.557353571426562
64,MH-3-030_MH-3-028,Repair,7741.644988,0.11928436690766618,2.557943513594803
64,MH-2-052_MH-2-051,Repair,1849.77349795,0.11584707674198776,2.565345370402073
64,MH-1-003_MH-1-002,Repair,5716.6366075,0.10911649294834366,2.5474920353244537
64,MH-4-020_MH-4-019,Repair,6224.904112,0.09005257278494688,2.58720891773519
65,MH-2-063_MH-2-059,Repair,2218.5607290000003,0.36883928177815056,2.563891867180086
65,MH-5-011_MH-5-010,Repair,5666.3666535,0.2481168818463565,2.4889489462236796
65,MH-2-037_MH-2-036,Repair,4081.867188,0.23310355423953627,2.4946184613584537
65,MH-3-010_MH-3-009,Repair,2684.25391395,0.1526759563435392,2.5873901267572816
66,MH-2-036_MH-2-035,Repair,3657.7218685000003,0.3775006116112902,2.5438824842564323
66,MH-3-021_MH-3-020,Repair,2585.74477805,0.3344809221086074,2.5443242934076125
66,MH-3-016_MH-3-015,Repair,3817.6760545,0.2794844410686244,2.515138288445082
66,MH-3-063_MH-3-062,Repair,664.2109852,0.15553835671051103,2.537587831344757
66,MH-4-023_MH-4-022,Repair,3143.335055,0.14542541688267624,2.5273506155993672
66,MH-2-011_MH-2-010,Repair,7268.839637499999,0.1407139213627539,2.5585394938329316
66,MH-5-058_MH-5-057,Repair,3160.20854065,0.1261167517540212,2.5808381088957417
66,MH-3-033_MH-3-032,Repair,5265.1305315,0.11518903905914338,2.563408352070043
66,MH-4-016_MH-4-015,Repair,14039.6517625,0.09088032590738905,2.551393943744421
67,MH-5-041_MH-5-040,Repair,1706.7808583,0.26645713515514075,2.5288327306138765
67,MH-2-090_MH-2-089,Repair,8759.4274565,0.23888229601129113,2.501079858468455
67,MH-5-021_MH-5-020,Repair,9221.300508,0.2185343347501585,2.5761970425843868
67,MH-3-044_MH-3-043,Repair,4472.531889,0.1600220786338268,2.5811242857219607
67,MH-3-006_MH-3-005,Repair,13175.4282345,0.11265993262916034,2.5716797583190423
67,MH-5-055_MH-5-054,Repair,5531.4549535,0.1112571055950733,2.5869255574108045
67,MH-4-078_MH-4-077,Repair,5632.931860500001,0.09014654588227627,2.5496413024370366
67,MH-4-081_MH-4-080,Repair,5029.161655,0.08661212603096788,2.5797697616066406
68,MH-4-003_MH-4-002,Repair,8341.255713,0.2793602800457466,2.488682366632486
68,MH-5-013_MH-5-012,Repair,2253.2455609999997,0.2763601907389241,2.5759786927185058
68,MH-2-095_MH-2-094,Repair,4555.267143,0.2704516010948897,2.5149864175485006
68,MH-5-009_MH-5-008,Repair,2222.3432101500002,0.21799605038810246,2.573601871905937
68,MH-5-003_MH-5-002,Repair,9939.193186999999,0.21589835178842173,2.5819008438763413
68,MH-4-006_MH-4-005,Repair,11649.600129999999,0.1964602778047936,2.5118752051601314
68,MH-4-037_MH-4-036,Repair,7108.9855585000005,0.13392761204203896,2.58236186013687
68,MH-6-021_MH-6-020,Repair,1789.5769440499998,0.1069114521948873,2.5611154701975
68,MH-3-050_MH-3-049,Repair,1489.95856205,0.08420601390641617,2.534781124398099
69,MH-3-009_MH-3-008,Lining,2228.0616036,0.046482533886599085,2.151936999238831
69,MH-6-012_MH-6-011,Repair,10306.3945355,0.23218817777114206,2.5801991723479665
69,MH-3-037_MH-3-036,Repair,3955.8418935,0.18343860604458267,2.568248161358251
69,MH-3-062_MH-3-061,Repair,4211.1633585,0.16575538427122233,2.5248238579825735
69,MH-4-069_MH-4-068,Repair,14119.335965,0.1589491479617912,2.554584523689193
69,MH-4-063_MH-4-061,Repair,2244.5780087499998,0.15047079400257957,2.5537980168089063
69,MH-2-004_MH-2-003,Repair,12478.1622875,0.13590746569424045,2.552013316020447
69,MH-4-026_MH-4-025,Repair,5797.074283,0.12710129430656886,2.5402445895492125
69,MH-2-071_MH-2-070,Repair,9996.365358,0.11935177865572612,2.56899883470838
69,MH-3-012_MH-3-010,Repair,11900.87598,0.11341387561959874,2.5412636273340987
70,MH-2-051_MH-2-035,Repair,3400.39063455,0.3583148481033733,2.5016896816115515
70,MH-5-010_MH-5-009,Repair,3470.533878,0.3245998320093437,2.579752107224272
70,MH-3-053_MH-3-052,Repair,4074.9503864999997,0.22642356866744132,2.582887209529942
70,MH-2-038_MH-2-037,Repair,8987.5921975,0.2114181811749438,2.501316160519706
70,MH-5-061_MH-5-060,Repair,7195.778380000001,0.19077944646702544,2.5439082754010114
70,MH-3-065_MH-3-001,Repair,3575.0257724999997,0.1627934940435563,2.519611864793116
70,MH-1-027_MH-1-026,Repair,2510.01812705,0.14835759231903703,2.5387335765576737
70,MH-4-083_MH-4-082,Repair,3779.2833365,0.13376351075492943,2.554789069926036
70,MH-4-084_MH-4-083,Repair,3828.2716219999998,0.12937632523097609,2.5819431028450563
70,MH-1-014_MH-1-013,Repair,6271.07334,0.11231390755009468,2.5332827942203355
71,MH-2-074_MH-2-073,Replacement,2659.3723278,0.2162731751003754,2.48330631629113
71,MH-5-053_MH-5-052,Repair,703.8759035,0.3149329945236384,2.5287285624285105
71,MH-2-067_MH-2-066,Repair,2634.6108607,0.29897733975109214,2.50105874803326
71,MH-3-025_MH-3-024,Repair,4696.487901,0.28176390199826606,2.5572153100193233
71,MH-3-019_MH-3-018,Repair,2657.4158331000003,0.23179210817851564,2.529390527183468
71,MH-5-049_MH-5-045,Repair,10794.307881,0.22491077558960712,2.5833995945021813
71,MH-2-065_MH-2-064,Repair,2800.473921,0.18839812780322077,2.518510208455343
71,MH-2-076_MH-2-075,Repair,2087.2735565499997,0.11835391725072797,2.544223807135512
71,MH-1-024_MH-1-022,Repair,11252.7588775,0.11740369101367122,2.553949685655256
71,MH-3-064_MH-3-062,Repair,12981.303272000001,0.09461919949870978,2.5611584971257098
72,MH-3-059_MH-3-053,Lining,2296.0900466,0.03199003468475422,2.1604613791836003
72,MH-6-020_MH-6-019,Repair,3226.37616735,0.28511397511052894,2.5398769945149833
72,MH-5-008_MH-5-007,Repair,947.9608369,0.21232476346956614,2.5552820328267902
72,MH-4-059_MH-4-058,Repair,6223.033344500001,0.196583982711121,2.5564258532198085
72,MH-4-029_MH-4-028,Repair,6386.510280500001,0.1289270032017742,2.5571800891547842
72,MH-2-077_MH-2-076,Repair,7922.012119,0.11114369843405518,2.5868917778689595
72,MH-6-018_MH-6-017,Repair,6049.8320225,0.107998371993346,2.543936268617388
73,MH-4-019_MH-4-018,Lining,9094.607515,0.0012746279893037268,2.2820269748080366
73,MH-5-022_MH-5-021,Repair,7402.17037,0.3292091597798902,2.571639482762619
73,MH-3-029_MH-3-028,Repair,2346.9670637,0.26174704228401013,2.4913751692063304
73,MH-1-002_MH-1-001,Repair,1008.64826825,0.20574742593986303,2.5201253237279437
73,MH-3-018_MH-3-017,Repair,2465.971088,0.12809576963694058,2.5689420698731413
73,MH-4-007_MH-4-006,Repair,4681.339712,0.1256885618090664,2.572437603682148
73,MH-3-058_MH-3-057,Repair,3571.698207,0.10148514580423156,2.584591606970941
73,MH-1-006_MH-1-005,Repair,7798.2719885,0.09320523819715974,2.580754890446193
74,MH-2-063_MH-2-059,Repair,2218.5607290000003,0.36831248809347067,2.565564339545394
74,MH-4-079_MH-4-007,Repair,482.65428925,0.2640288095451666,2.491887504759119
74,MH-3-040_MH-3-039,Repair,11154.002124999999,0.23955884286384002,2.514235273789181
74,MH-4-022_MH-4-021,Repair,3313.2490415499997,0.16734231597619767,2.5244095961239825
74,MH-6-009_MH-6-008,Repair,3763.259346,0.15076284475507223,2.5416316574741176
74,MH-3-013_MH-3-012,Repair,1344.0200585,0.10391950276953779,2.547287534850443
74,MH-3-066_MH-3-065,Repair,12064.022453,0.10093928197421166,2.587073100768202
75,MH-3-009_MH-3-008,Replacement,2864.6506332,0.4210645513553534,2.185647794128229
75,MH-2-036_MH-2-035,Repair,3657.7218685000003,0.37698398747119544,2.5454670100183203
75,MH-2-084_MH-2-083,Repair,14029.420594,0.27849789639464784,2.5501576069040675
75,MH-2-073_MH-2-072,Repair,10162.935811000001,0.2108221251555797,2.507851530678782
75,MH-4-047_MH-4-046,Repair,8718.401993,0.19702675042362056,2.5090759316105915
75,MH-2-083_MH-2-082,Repair,5206.78284,0.1648257662075023,2.549550303951693
75,MH-4-074_MH-4-073,Repair,6994.302374500001,0.15014124277573956,2.5353407101264787
75,MH-3-054_MH-3-053,Repair,6595.811656,0.14438162796581316,2.565408297171575
75,MH-5-038_MH-5-035,Repair,2444.5086855,0.1395045754761305,2.560492587644859
75,MH-4-013_MH-4-012,Repair,756.2820706,0.1237210540429571,2.5587902433512553
76,MH-3-021_MH-3-020,Repair,2585.74477805,0.327710806915739,2.5681379993752516
76,MH-2-037_MH-2-036,Repair,4081.867188,0.2204123385863016,2.5587239862315134
76,MH-4-046_MH-4-043,Repair,7479.062311000001,0.17259085422272796,2.568700655459106
76,MH-3-038_MH-3-037,Repair,6999.252718500001,0.17155234792760543,2.5809370129252804
76,MH-5-052_MH-5-051,Repair,509.70925285,0.10117818011864453,2.5549916103160983
77,MH-5-029_MH-5-028,Lining,2305.4725211,0.023738763024507822,2.325327043742086
77,MH-1-021_MH-1-020,Repair,11274.36695,0.1332620387456579,2.5606553722134997
77,MH-6-004_MH-6-003,Repair,7700.792603,0.1298116476746398,2.5533109397888705
77,MH-1-020_MH-1-016,Repair,8554.642369,0.09727645866695313,2.5723670518179333
78,MH-3-016_MH-3-015,Repair,3817.6760545,0.26324059119515014,2.5846138524870477
78,MH-5-021_MH-5-020,Repair,9221.300508,0.22918105908041578,2.521039824808699
78,MH-2-060_MH-2-059,Repair,3542.4933915,0.19838405427520137,2.579946491242865
78,MH-2-081_MH-2-080,Repair,6834.125648,0.19046983864883282,2.5692250351215096
78,MH-5-024_MH-5-022,Repair,1581.1918041499998,0.15295860442875997,2.525863246665235
79,MH-2-069_MH-2-068,Replacement,7482.241686599999,0.15998264558370637,2.0973574945085254
79,MH-5-053_MH-5-052,Repair,703.8759035,0.3068051582421067,2.558966521404459
79,MH-2-067_MH-2-066,Repair,2634.6108607,0.2779543953570879,2.585331144597596
79,MH-5-011_MH-5-010,Repair,5666.3666535,0.23467587647260674,2.552507531783761
79,MH-5-047_MH-5-046,Repair,7786.8332325,0.1672607681893526,2.5603866756971967
79,MH-6-005_MH-6-004,Repair,9877.180817,0.1519716418357741,2.5269374828792732
79,MH-6-003_MH-6-002,Repair,7683.382007,0.15088534758207847,2.5328855915227626
79,MH-5-054_MH-5-053,Repair,10335.9485565,0.1478809229371085,2.554116126735801
79,MH-1-018_MH-1-017,Repair,10287.671688,0.14287469739561398,2.5366460888097357
79,MH-1-013_MH-1-012,Repair,8206.5314765,0.13780939082066332,2.5664016560339373
79,MH-5-017_MH-5-016,Repair,2420.235832,0.10237179810928082,2.5617467823586573
80,MH-2-051_MH-2-035,Repair,3400.39063455,0.3594993858710851,2.4979681094863957
80,MH-5-010_MH-5-009,Repair,3470.533878,0.32243563382504636,2.587663033971763
80,MH-5-013_MH-5-012,Repair,2253.2455609999997,0.2805098488771017,2.5585144695703166
80,MH-5-041_MH-5-040,Repair,1706.7808583,0.2667051253224076,2.5277663736167737
80,MH-6-012_MH-6-011,Repair,10306.3945355,0.23298936397830822,2.576138100083191
80,MH-4-004_MH-4-003,Repair,2116.6887938,0.21864203137361748,2.531534968162935
80,MH-3-031_MH-3-030,Repair,2181.7805667000002,0.15662139058471908,2.52356724708507
80,MH-4-075_MH-4-009,Repair,6944.7424235,0.11791902379421464,2.5425492666641922
80,MH-4-055_MH-4-054,Repair,2985.3844153,0.11198825236564772,2.577165806104899
81,MH-3-059_MH-3-053,Repair,1148.0450233,0.2916677600620431,2.550150405630021
81,MH-2-095_MH-2-094,Repair,4555.267143,0.27021425687452777,2.515985452656576
81,MH-5-042_MH-5-041,Repair,1963.12630885,0.1049634091503671,2.5427921362400334
81,MH-2-089_MH-2-088,Repair,6379.7161365,0.10337778373026357,2.5475770039401775
82,MH-3-020_MH-3-019,Lining,4896.050894,0.02767306392833655,2.105268383644907
82,MH-2-090_MH-2-089,Repair,8759.4274565,0.23945302237126323,2.4983891843891994
82,MH-3-037_MH-3-036,Repair,3955.8418935,0.1868844848630381,2.5465602000183547
82,MH-3-041_MH-3-030,Repair,9303.651266,0.13309396647385668,2.562307778204757
82,MH-1-012_MH-1-011,Repair,498.18229195,0.13193480757343995,2.5695653729271832
82,MH-3-023_MH-3-022,Repair,1367.2900507,0.1317282178173724,2.5708679533256245
82,MH-1-010_MH-1-009,Repair,3915.7367655000003,0.12166853979941544,2.5647800805997703
82,MH-2-072_MH-2-071,Repair,9577.0214645,0.10103044544130667,2.558669554982152
82,MH-3-007_MH-3-006,Repair,8212.7618055,0.09222101710704247,2.567186789254598
82,MH-3-008_MH-3-007,Repair,6929.0529175,0.09032348556442901,2.5836894400273107
83,MH-3-044_MH-3-043,Lining,8945.063778,0.04783629132329376,2.4325346098279517
83,MH-2-063_MH-2-059,Repair,2218.5607290000003,0.3680169004549801,2.5665045098176487
83,MH-5-022_MH-5-021,Repair,7402.17037,0.32898736220764335,2.572431340251237
83,MH-3-025_MH-3-024,Repair,4696.487901,0.28522072755191485,2.5430630609090183
83,MH-5-009_MH-5-008,Repair,2222.3432101500002,0.21662302935963249,2.581047333329651
83,MH-5-040_MH-5-039,Repair,5900.089464500001,0.1846950728313043,2.5333623975087134
83,MH-4-023_MH-4-022,Repair,3143.335055,0.14061454613295443,2.56632015762373
83,MH-1-017_MH-1-016,Repair,527.7418937,0.13551289864098603,2.530577566283785
83,MH-5-056_MH-5-051,Repair,1581.3617837499999,0.12976807837516416,2.539395298390419
83,MH-2-054_MH-2-053,Repair,3210.8973189999997,0.12867692477145107,2.5858731988025903
83,MH-4-082_MH-4-081,Repair,8126.2359255,0.11104584131568875,2.562580261924119
83,MH-4-008_MH-4-007,Repair,5956.1298019999995,0.10977556637423826,2.571950482543973
83,MH-4-036_MH-4-035,Repair,4926.221881,0.10914878928301713,2.576627494520495
83,MH-2-009_MH-2-008,Repair,9435.1432875,0.10896948020901037,2.5779721045976136
84,MH-2-036_MH-2-035,Repair,3657.7218685000003,0.37669508759800646,2.5463546557854344
84,MH-6-020_MH-6-019,Repair,3226.37616735,0.28557471864042927,2.538014805563658
84,MH-4-019_MH-4-018,Repair,4547.3037575,0.2636129195021328,2.4927940857531867
84,MH-5-026_MH-5-025,Repair,1449.9475350500002,0.15929388761419463,2.579713818500105
84,MH-4-011_MH-4-010,Repair,4648.501109,0.14356743544978307,2.5334964992565547
84,MH-1-023_MH-1-022,Repair,1342.7055099499999,0.10373678482605497,2.584128793344962
84,MH-2-087_MH-2-077,Repair,10687.4728205,0.09671028463052077,2.573561620188956
85,MH-3-053_MH-3-052,Repair,4074.9503864999997,0.23947238028612974,2.5178566235715354
85,MH-3-040_MH-3-039,Repair,11154.002124999999,0.2294777480736235,2.5638169377095004
85,MH-4-014_MH-4-013,Repair,9121.158725,0.14725178168875605,2.571375733679929
85,MH-1-016_MH-1-015,Repair,11230.065052499998,0.12807169878220045,2.562502212266802
85,MH-1-015_MH-1-014,Repair,6439.2063085,0.08835127108595134,2.5731821314376147
86,MH-5-029_MH-5-028,Replacement,2964.1789556999997,0.26222217314482904,2.4735908484055726
86,MH-3-021_MH-3-020,Repair,2585.74477805,0.32398441770672814,2.581595860049976
86,MH-3-029_MH-3-028,Repair,2346.9670637,0.24226483736079937,2.580402699726654
86,MH-5-049_MH-5-045,Repair,10794.307881,0.2359584598362684,2.5275828019891455
86,MH-3-019_MH-3-018,Repair,2657.4158331000003,0.2333224310087506,2.5218589414085266
86,MH-2-038_MH-2-037,Repair,8987.5921975,0.19716686761232172,2.5819078038021104
86,MH-4-006_MH-4-005,Repair,11649.600129999999,0.19682648935419106,2.5097617992306924
86,MH-3-055_MH-3-054,Repair,8847.6645635,0.12864167362434661,2.5559234941477573
86,MH-3-067_MH-3-066,Repair,15256.4149255,0.11955245525658849,2.5579782439040573
86,MH-3-068_MH-3-067,Repair,12490.168509,0.11890990072320572,2.560458816977743
87,MH-2-051_MH-2-035,Repair,3400.39063455,0.35667675327427883,2.5068699523098354
87,MH-2-084_MH-2-083,Repair,14029.420594,0.2749066800155347,2.565285282586423
87,MH-4-079_MH-4-007,Repair,482.65428925,0.24716334469517992,2.567603375255449
87,MH-3-010_MH-3-009,Repair,2684.25391395,0.16019321631804292,2.531322616535691
87,MH-4-009_MH-4-008,Repair,11024.246121,0.14639687292724704,2.5520916120095123
87,MH-4-076_MH-4-075,Repair,13997.169704,0.14188818291809951,2.5783715296816574
87,MH-3-011_MH-3-010,Repair,7198.9498945000005,0.12430576787271572,2.5751381181238204
87,MH-1-007_MH-1-006,Repair,6523.1983040000005,0.119491363853969,2.5315389977869773
87,MH-2-003_MH-2-002,Repair,10610.124714,0.11204685571484845,2.5136573072252477
87,MH-4-018_MH-4-017,Repair,4851.970081,0.102996973976081,2.5206480298653506
88,MH-5-008_MH-5-007,Repair,947.9608369,0.21562309790071307,2.537429631348754
88,MH-3-063_MH-3-062,Repair,664.2109852,0.15528639331205984,2.5394571404818507
88,MH-2-004_MH-2-003,Repair,12478.1622875,0.13393602826633036,2.569071498532445
88,MH-4-077_MH-4-076,Repair,13878.8990375,0.13003671492740432,2.575358443386583
88,MH-2-094_MH-2-093,Repair,524.1748001,0.11226390881984077,2.5777632228046667
88,MH-3-002_MH-3-001,Repair,2804.74876885,0.1122563352170465,2.5800627666346463
88,MH-6-006_MH-6-005,Repair,8366.9181295,0.0942688352340795,2.5543672789375074
89,MH-4-059_MH-4-058,Repair,6223.033344500001,0.19583222484164176,2.560894028537842
89,MH-2-065_MH-2-064,Repair,2800.473921,0.1807762339767804,2.5662271555732614
89,MH-4-048_MH-4-047,Repair,208.529141135,0.12742790603740392,2.56002173489952
89,MH-3-071_MH-3-070,Repair,9688.4785725,0.12181648417507149,2.5706787061792062
89,MH-4-057_MH-4-056,Repair,1727.93262565,0.08701291159501069,2.5715431425656563
90,MH-5-013_MH-5-012,Replacement,5794.060014,0.23248438740303887,2.4687395027968093
90,MH-3-020_MH-3-019,Repair,2448.025447,0.36016929264012154,2.4964531306944
90,MH-5-053_MH-5-052,Repair,703.8759035,0.3106274952083214,2.544583193460953
90,MH-2-095_MH-2-094,Repair,4555.267143,0.2610689765063094,2.5556207157603223
90,MH-1-002_MH-1-001,Repair,1008.64826825,0.20579989655861208,2.5198344185363184
90,MH-2-060_MH-2-059,Repair,3542.4933915,0.20132285767090746,2.562676031991611
90,MH-4-046_MH-4-043,Repair,7479.062311000001,0.1745441834292865,2.5555507604853895
90,MH-3-062_MH-3-061,Repair,4211.1633585,0.16594639733372624,2.5235067713442154
90,MH-4-069_MH-4-068,Repair,14119.335965,0.15767763050981803,2.563954173349682
90,MH-2-011_MH-2-010,Repair,7268.839637499999,0.14250056504057879,2.5438872167676605
90,MH-6-001_MH-5-001,Repair,11284.7084,0.1175261788843913,2.563352519475972
90,MH-3-049_MH-3-042,Repair,7724.9526865,0.11362631090634351,2.5721559652242196
91,MH-5-010_MH-5-009,Replacement,8924.229972000001,0.2888551259869412,2.4482955146268983
91,MH-2-067_MH-2-066,Repair,2634.6108607,0.28812167267844174,2.5433038852305434
91,MH-2-037_MH-2-036,Repair,4081.867188,0.21734834498311176,2.5751247188092083
91,MH-2-073_MH-2-072,Repair,10162.935811000001,0.1978349107960278,2.581404569363823
91,MH-2-083_MH-2-082,Repair,5206.78284,0.16356916387867412,2.558451823582466
91,MH-3-065_MH-3-001,Repair,3575.0257724999997,0.15804634422911065,2.5536965869565
91,MH-4-063_MH-4-061,Repair,2244.5780087499998,0.14755518451267632,2.5767006100546817
92,MH-4-004_MH-4-003,Lining,4233.3775876,0.11841284049778852,2.428651475420663
92,MH-3-018_MH-3-017,Lining,4931.942176,0.041425825878661164,2.0642652249393114
92,MH-2-063_MH-2-059,Repair,2218.5607290000003,0.36785090990451264,2.5670330208765866
92,MH-3-054_MH-3-053,Repair,6595.811656,0.14626797945720657,2.550277705712517
92,MH-5-058_MH-5-057,Repair,3160.20854065,0.12707580343525973,2.571915616211579
92,MH-3-030_MH-3-028,Repair,7741.644988,0.11900359868962548,2.5606927065083593
92,MH-4-017_MH-4-016,Repair,7720.506003,0.1007470430832509,2.561216684973593
93,MH-2-076_MH-2-075,Lining,4174.5471130999995,0.0,2.424302792546195
93,MH-2-036_MH-2-035,Repair,3657.7218685000003,0.37653340699420174,2.5468519118268476
93,MH-3-059_MH-3-053,Repair,1148.0450233,0.30563022870251927,2.4967026645801815
93,MH-5-041_MH-5-040,Repair,1706.7808583,0.26684370717282524,2.5271711868391025
93,MH-2-090_MH-2-089,Repair,8759.4274565,0.23692658023755644,2.510381387233111
93,MH-5-021_MH-5-020,Repair,9221.300508,0.2245384722502952,2.5445591469770594
93,MH-4-047_MH-4-046,Repair,8718.401993,0.19728380663456116,2.507598436716305
93,MH-1-027_MH-1-026,Repair,2510.01812705,0.1478381934141216,2.542782439318645
93,MH-4-037_MH-4-036,Repair,7108.9855585000005,0.13891029226079543,2.5397076264091365
93,MH-2-052_MH-2-051,Repair,1849.77349795,0.11770888897891055,2.5467795069325505
93,MH-4-034_MH-4-032,Repair,6443.515967,0.09709680292856641,2.587061775132423
93,MH-4-020_MH-4-019,Repair,6224.904112,0.09265493054736816,2.553766456504724
93,MH-1-019_MH-1-018,Repair,10659.776679999999,0.07984432527839137,2.5764526311743627
94,MH-3-044_MH-3-043,Repair,4472.531889,0.2489652177367977,2.525712357067536
94,MH-6-012_MH-6-011,Repair,10306.3945355,0.23164727454800196,2.5829540444117556
94,MH-4-022_MH-4-021,Repair,3313.2490415499997,0.1593660547810974,2.5811708378986946
94,MH-3-026_MH-3-025,Repair,3408.8544574000002,0.13870139520680977,2.528899735797035
94,MH-4-031_MH-4-030,Repair,4614.9470115,0.09798351498176519,2.5628438368497792
94,MH-2-078_MH-2-077,Repair,7348.8334045,0.08870484096481253,2.5525284146891254
95,MH-3-025_MH-3-024,Repair,4696.487901,0.28718037202194563,2.5351656807123715
95,MH-4-019_MH-4-018,Repair,4547.3037575,0.26467058425721973,2.4883033706489615
95,MH-3-040_MH-3-039,Repair,11154.002124999999,0.22550091772942635,2.584380408270038
95,MH-3-038_MH-3-037,Repair,6999.252718500001,0.17158537663749204,2.580709719034914
95,MH-4-083_MH-4-082,Repair,3779.2833365,0.13304191614768096,2.561094620103181
95,MH-1-021_MH-1-020,Repair,11274.36695,0.13042935431477892,2.5859168930551673
95,MH-3-033_MH-3-032,Repair,5265.1305315,0.1158623707595499,2.556606169790112
95,MH-1-003_MH-1-002,Repair,5716.6366075,0.1089397531832551,2.549371626984339
96,MH-6-020_MH-6-019,Repair,3226.37616735,0.28583283435856793,2.5369737502366236
96,MH-2-081_MH-2-080,Repair,6834.125648,0.1998606803177548,2.5136479492576584
96,MH-2-074_MH-2-073,Repair,1034.2003497,0.16143567353793647,2.538180984825491
96,MH-5-024_MH-5-022,Repair,1581.1918041499998,0.15274592828275077,2.5274566911019845
96,MH-4-084_MH-4-083,Repair,3828.2716219999998,0.13492140380816012,2.533037024139442
96,MH-4-026_MH-4-025,Repair,5797.074283,0.12787203634588934,2.53328089685621
96,MH-3-006_MH-3-005,Repair,13175.4282345,0.11152245979740148,2.5836401335570947
96,MH-4-021_MH-4-017,Repair,4187.520442,0.08011479654728496,2.554951692356634
97,MH-3-021_MH-3-020,Replacement,6649.0580007,0.2891765986398731,2.4455735160506995
97,MH-2-051_MH-2-035,Repair,3400.39063455,0.3585838902473847,2.5008426192633975
97,MH-3-020_MH-3-019,Repair,2448.025447,0.3573728573583555,2.5052475322588807
97,MH-4-079_MH-4-007,Repair,482.65428925,0.24367558771003814,2.584337662839159
97,MH-2-071_MH-2-070,Repair,9996.365358,0.12109794241714751,2.5520430797765012
97,MH-5-055_MH-5-054,Repair,5531.4549535,0.11569743311028814,2.541152027630012
98,MH-5-009_MH-5-008,Repair,2222.3432101500002,0.21585448441595906,2.585249073859611
98,MH-4-074_MH-4-073,Repair,6994.302374500001,0.15115688613659103,2.5275985873159854
98,MH-4-056_MH-4-055,Repair,1682.5927608000002,0.12988520815861437,2.5387144017919234
98,MH-4-029_MH-4-028,Repair,6386.510280500001,0.12907186396208303,2.555872078264682
98,MH-2-010_MH-2-009,Repair,9765.15085,0.09489521473582531,2.551626436558907
99,MH-2-084_MH-2-083,Repair,14029.420594,0.2729156595790653,2.5738139550281884
99,MH-3-053_MH-3-052,Repair,4074.9503864999997,0.22635593922283026,2.5832403536897175
99,MH-5-047_MH-5-046,Repair,7786.8332325,0.1677982560916303,2.556645471827174
99,MH-5-026_MH-5-025,Repair,1449.9475350500002,0.1617957472953049,2.561418836328953
99,MH-5-038_MH-5-035,Repair,2444.5086855,0.14012851307189525,2.555290657352264
99,MH-4-007_MH-4-006,Repair,4681.339712,0.12459128156437092,2.582771953235259
99,MH-1-024_MH-1-022,Repair,11252.7588775,0.11416023266270961,2.586834957015079
99,MH-6-021_MH-6-020,Repair,1789.5769440499998,0.10611525396149755,2.5698662896600317
99,MH-1-006_MH-1-005,Repair,7798.2719885,0.09385005606874486,2.5726333488576683
100,MH-3-029_MH-3-028,Repair,2346.9670637,0.2548234640988845,2.521721136068404
100,MH-3-037_MH-3-036,Repair,3955.8418935,0.18502250306519824,2.5581963077481524
100,MH-1-014_MH-1-013,Repair,6271.07334,0.10926772335377273,2.565178412430745
